TLA,Environment,DataCenter,Hostname or Volumename
KAF,SYS,WPC,ut12134
KAF,SYS,WPC,ut12135
KAF,SYS,WPC,ut12136
KAF,SYS,WPC,ut14173
KAF,SYS,WPC,ut12141
KAF,SYS,WPC,ut15683
KAF,SYS,WPC,ut00465
KAF,SYS,WPC,ut00466
KAF,SYS,WPC,ut00467
KAF,UAT,WPC,ut12142
KAF,UAT,WPC,ut12143
KAF,UAT,WPC,ut12144
KAF,UAT,NPC,lnaukaf0005
KAF,UAT,NPC,lnaukaf0007
KAF,UAT,NPC,lnaukaf0009
KAF,UAT,WPC,ut00469
KAF,UAT,WPC,ut00470
KAF,UAT,WPC,ut00471
KAF,UAT,NPC,lnaukaf0015
KAF,UAT,NPC,lnaukaf0017
KAF,UAT,NPC,lnaukaf0019
KAF,PROD,NPC,up12160
KAF,PROD,NPC,up12161
KAF,PROD,NPC,up12162
KAF,PROD,WPC,up12154
KAF,PROD,WPC,up12155
KAF,PROD,WPC,up12157
KAF,PROD,NPC,up04593
KAF,PROD,NPC,up04594
KAF,PROD,NPC,up04595
KAF,PROD,WPC,up04525
KAF,PROD,WPC,up04526
KAF,PROD,WPC,up04527
KFE,UAT,WPC,lnaukfe0002
KFE,UAT,WPC,lnaukfe0004
KFE,UAT,WPC,lnaukfe0006
KFE,UAT,NPC,lnaukfe0001
KFE,UAT,NPC,lnaukfe0003
KFE,UAT,NPC,lnaukfe0005
KFE,UAT,WPC,lnaukfe0012
KFE,UAT,WPC,lnaukfe0014
KFE,UAT,WPC,lnaukfe0016
KFE,UAT,NPC,lnaukfe0009
KFE,UAT,NPC,lnaukfe0011
KFE,UAT,NPC,lnaukfe0013
KFE,PROD,WPC,lnapkfe0002
KFE,PROD,WPC,lnapkfe0004
KFE,PROD,WPC,lnapkfe0006
KFE,PROD,WPC,lnapkfe0008
KFE,PROD,WPC,lnapkfe0014
KFE,PROD,WPC,lnapkfe0016
KFE,PROD,NPC,lnapkfe0007
KFE,PROD,NPC,lnapkfe0009
KFE,PROD,NPC,lnapkfe0011
KFE,PROD,NPC,lnapkfe0013
KFE,PROD,NPC,lnapkfe0019
KFE,PROD,NPC,lnapkfe0021
