﻿start,end,name (Level - 2),tla,user_id,toil_hrs_saved,team_name
2022-08-01T00:00:00.000000Z,2022-08-31T23:59:59.000000Z,UNIX CPU UTILIZATION SOLUTION,UXL,sys-il-hol-p,612,Test Wipro
2022-08-01T00:00:00.000000Z,2022-08-31T23:59:59.000000Z,UNIX HOST NOT REPORTING TO PANDORA,UXL,sys-il-hol-p,57,Test Wipro
2022-08-01T00:00:00.000000Z,2022-08-31T23:59:59.000000Z,UNIX MEM UTILIZATION SOLUTION,UXL,sys-il-hol-p,158,Test Wipro
2022-08-01T00:00:00.000000Z,2022-08-31T23:59:59.000000Z,UNIX CHECK HOST ALIVE,UXL,sys-il-hol-p,511,Test Wipro
2022-08-01T00:00:00.000000Z,2022-08-31T23:59:59.000000Z,UNIX INOD SOLUTION ALERT,UXL,sys-il-hol-p,12,Test Wipro
2022-08-01T00:00:00.000000Z,2022-08-31T23:59:59.000000Z,UNIX NFS Mountpoint,UXL,sys-il-hol-p,83,Test Wipro
2022-08-01T00:00:00.000000Z,2022-08-31T23:59:59.000000Z,UNIX IDM STASK USECASE,UXL,sys-il-hol-p,135,Test Wipro
2022-08-01T00:00:00.000000Z,2022-08-31T23:59:59.000000Z,UNIX LOW DISK UTILIZATION,UXL,sys-il-hol-p,599,Test Wipro
2022-08-01T00:00:00.000000Z,2022-08-31T23:59:59.000000Z,UNIX ACCOUNT TERMINATION,UXL,sys-il-hol-p,38,Test Wipro
2022-08-01T00:00:00.000000Z,2022-08-31T23:59:59.000000Z,NETWORK BGP DOWN USE CASE,WAN,sys-il-hol-p,34,Test Wipro
2022-08-01T00:00:00.000000Z,2022-08-31T23:59:59.000000Z,NETWORK CPU UTILIZATION,WAN,sys-il-hol-p,27,Test Wipro
2022-08-01T00:00:00.000000Z,2022-08-31T23:59:59.000000Z,NETWORK MEMORY UTILIZATION,WAN,sys-il-hol-p,9,Test Wipro
2022-08-01T00:00:00.000000Z,2022-08-31T23:59:59.000000Z,GNOC NW INTERFACE DISCARD ALERT,WAN,sys-il-hol-p,423,Test Wipro
2022-08-01T00:00:00.000000Z,2022-08-31T23:59:59.000000Z,GNOC NW INTERFACE DOWN ALERT,WAN,sys-il-hol-p,50,Test Wipro
2022-08-01T00:00:00.000000Z,2022-08-31T23:59:59.000000Z,GNOC DEVICE REBOOT ALERT,WAN,sys-il-hol-p,99,Test Wipro
2022-08-01T00:00:00.000000Z,2022-08-31T23:59:59.000000Z,STAGE THE SCRIPT,WAN,sys-il-hol-p,234,Test Wipro
2022-08-01T00:00:00.000000Z,2022-08-31T23:59:59.000000Z,ORACLE BLOCKING SESSION ,ORA,sys-il-hol-p,53,Test Wipro
2022-08-01T00:00:00.000000Z,2022-08-31T23:59:59.000000Z,ORACLE TEMP TABLE SPACE,ORA,sys-il-hol-p,49,Test Wipro
2022-08-01T00:00:00.000000Z,2022-08-31T23:59:59.000000Z,ORACLE ALERT LOG CHECK,ORA,sys-il-hol-p,126,Test Wipro
2022-08-01T00:00:00.000000Z,2022-08-31T23:59:59.000000Z,WINTEL CPU UTILIZATION,WIN,sys-il-hol-p,59,Test Wipro
2022-08-01T00:00:00.000000Z,2022-08-31T23:59:59.000000Z,WINTEL DISK DRIVE CLEANUP REACTIVE,WIN,sys-il-hol-p,25,Test Wipro
2022-08-01T00:00:00.000000Z,2022-08-31T23:59:59.000000Z,WINTEL MEMORY UTILIZATION,WIN,sys-il-hol-p,28,Test Wipro
2022-08-01T00:00:00.000000Z,2022-08-31T23:59:59.000000Z,WINTEL HOST DOWN,WIN,sys-il-hol-p,35,Test Wipro
2022-08-01T00:00:00.000000Z,2022-08-31T23:59:59.000000Z,WINTEL SERVICE RESTART,WIN,sys-il-hol-p,2,Test Wipro
2022-08-01T00:00:00.000000Z,2022-08-31T23:59:59.000000Z,WINTEL HOME DRIVE MIGRATION,WIN,sys-il-hol-p,28,Test Wipro
2022-08-01T00:00:00.000000Z,2022-08-31T23:59:59.000000Z,MSSQL BLOCKING SESSION,SQL,sys-il-hol-p,52,Test Wipro
2022-08-01T00:00:00.000000Z,2022-08-31T23:59:59.000000Z,T LOG BACKUP MSSQL,SQL,sys-il-hol-p,122,Test Wipro
2022-08-01T00:00:00.000000Z,2022-08-31T23:59:59.000000Z,VDI DECOMISSION ENTRY CSV,CTX,sys-il-hol-p,337,Test Wipro
2022-08-01T00:00:00.000000Z,2022-08-31T23:59:59.000000Z,CITRIX ADD USER TO ERM AND EGAIN,CTX,sys-il-hol-p,103,Test Wipro
2022-08-01T00:00:00.000000Z,2022-08-31T23:59:59.000000Z,CISCO CUCM PROFILE DELETION,USN,sys-il-hol-p,336,Test Wipro
2022-08-01T00:00:00.000000Z,2022-08-31T23:59:59.000000Z,SHARE POINT P2 KB ARTICLE ALERT,TKS,sys-il-hol-p,22,Test Wipro
2022-08-01T00:00:00.000000Z,2022-08-31T23:59:59.000000Z,HADOOP KB ALERT ,HDP,sys-il-hol-p,91,Test Wipro
2022-08-01T00:00:00.000000Z,2022-08-31T23:59:59.000000Z,STORAGE VOLUMN UTILIZATION,ESS,sys-il-hol-p,95,Test Wipro
2022-08-01T00:00:00.000000Z,2022-08-31T23:59:59.000000Z,STORAGE INODES STATUS ALERT,ESS,sys-il-hol-p,5,Test Wipro
2022-08-01T00:00:00.000000Z,2022-08-31T23:59:59.000000Z,STORAGE NODE UTILIZATION ALERT,ESS,sys-il-hol-p,6,Test Wipro
2022-08-01T00:00:00.000000Z,2022-08-31T23:59:59.000000Z,STORAGE QOS VOLUME MAX IOPS WARNING ,ESS,sys-il-hol-p,3,Test Wipro
2022-08-01T00:00:00.000000Z,2022-08-31T23:59:59.000000Z,STORAGE QUOTA ,ESS,sys-il-hol-p,10,Test Wipro

