﻿start,end,tla,user_id,toil_hrs_saved,target_host_count,name_of_the_automation
2022-08-08T13:30:51.287244Z,2022-08-08T13:33:38.956504Z,  ped, rb504,6,3,Deployment of JavaArch  Base environment and TLA Setup
2022-08-08T13:38:10.809365Z,2022-08-08T13:40:15.405719Z,  ped, rb504,6,3,Deployment of JavaArch  Base environment and TLA Setup
2022-08-09T14:08:32.120242Z,2022-08-09T14:10:28.003038Z,  ofe, rb504,6,3,Deployment of JavaArch  Base environment and TLA Setup
2022-08-09T15:24:11.068665Z,2022-08-09T15:25:29.936994Z,  ped, rb504,2,1,Deployment of JavaArch  Base environment and TLA Setup
2022-08-09T15:34:57.217117Z,2022-08-09T15:35:30.177782Z,  ems, rb504,2,1,Deployment of JavaArch  Base environment and TLA Setup
2022-08-10T12:26:08.371018Z,2022-08-10T12:27:45.997173Z,  ped, rb504,2,1,Deployment of JavaArch  Base environment and TLA Setup
2022-08-10T12:29:01.132249Z,2022-08-10T12:29:52.594295Z,  ems, rb504,2,1,Deployment of JavaArch  Base environment and TLA Setup
2022-09-06T15:06:01.818598Z,2022-09-06T15:09:59.420975Z,  ped, jr353,10,5,Deployment of JavaArch  Base environment and TLA Setup
2022-09-06T17:08:30.104683Z,2022-09-06T17:33:02.177246Z,  ped, jr353,10,5,Deployment of JavaArch  Base environment and TLA Setup
2022-09-06T18:07:13.471261Z,2022-09-06T18:08:21.724395Z,  ped, jr353,2,1,Deployment of JavaArch  Base environment and TLA Setup
2022-09-07T14:35:17.622013Z,2022-09-07T14:37:42.252882Z,  ped, jr353,2,1,Deployment of JavaArch  Base environment and TLA Setup
2022-09-07T14:59:17.142501Z,2022-09-07T15:01:40.050646Z,  ped, jr353,4,2,Deployment of JavaArch  Base environment and TLA Setup
2022-09-07T15:37:41.685186Z,2022-09-07T15:38:50.530249Z,  ebp, jr353,2,1,Deployment of JavaArch  Base environment and TLA Setup
2022-09-08T17:22:00.732492Z,2022-09-08T17:25:08.250078Z,  ofe, jr353,10,5,Deployment of JavaArch  Base environment and TLA Setup
