Director,Category,Category 2,Cluster,tla,Responsible,user_id,status,toil_hrs_saved
Farooq - Corp,Manual Intervention,manual activity,Enterprise Analytics, ILA,Brain Esler,jc169,Completed,22
Kevin,Manual Intervention,manual activity,Dataload Domestic,ACC,Jim Cherian ,jc169,Completed,8
Kevin,Manual Intervention,manual activity,Dataload Domestic,ACE,ac556,ac556,In Progress,15
Kevin,Manual Intervention,manual activity,Dataload Domestic,ACE,ac556,ac556,In Progress,15
Kevin,Manual Intervention,Reporting,Dataload Domestic,ACE,Carla Sekula/ Jim Cherian,jc169,Not Started,75
Kevin,Manual Intervention,manual activity,Dataload Domestic,ACE,Carla Sekula/ Jim Cherian,jc169,Not Started,45
Kevin,Manual Intervention,manual activity,Dataload Domestic,ACE,Carla Sekula/ Jim Cherian,jc169,Not Started,15
Kevin,Others,Capacity ,Dataload Domestic,AIM,Jim Cherian ,jc169,Completed,5
Kevin,Manual Intervention,manual activity,Assets & Pricing,AIP,Larry Kelly,jc169,Completed,40
Kevin,Manual Intervention,manual activity,Assets & Pricing,AIP,ac556,ac556,Completed,2
Kevin,Batch Job Abends,,Assets & Pricing,AIP,ac556,ac556,Completed,2
Kevin,Manual Intervention,manual activity,Assets & Pricing,AIP,ac556,ac556,Completed,2
Kevin,Manual Intervention,manual activity,Assets & Pricing,AIP,ac556,ac556,Completed,1
Kevin,Batch Job Abends,,Assets & Pricing,AIP,ac556,ac556,In Progress,2
Kevin,Batch Job Abends,,Assets & Pricing,AIP,ac556,ac556,In Progress,3
Kevin,Batch Job Abends,,Assets & Pricing,AIP,ac556,ac556,In Progress,1
Kevin,Manual Intervention,manual activity,Assets & Pricing,AIP,Larry Kelly,ac556,Completed,3
Kevin,Manual Intervention,manual activity,Assets & Pricing,AIP,Larry Kelly,ac556,In Progress,10
Kevin,Batch Job Abends,,Assets & Pricing,AIP,ac556,ac556,In Progress,2
Kevin,Batch Job Abends,,Assets & Pricing,AIP,ac556,ac556,In Progress,1
Kevin,Batch Job Abends,,Assets & Pricing,AIP,ac556,ac556,In Progress,1
Kevin,Batch Job Abends,,Assets & Pricing,AIP,ac556,ac556,In Progress,1
Kevin,Batch Job Abends,,Assets & Pricing,AIP,ac556,ac556,In Progress,1
Farooq,Manual Intervention,manual activity,Fintech,All,,ac556,In Progress,12
Farooq,CAAPM - Danger Alerts,CAAPM - Danger Alerts,Cash/Fintech,All,,ac556,In Progress,6
Farooq,Manual Intervention,manual activity,Cash,All,,ac556,In Progress,20
Farooq - Corp,Manual Intervention,manual activity,,All (Analytics),,ac556,Not Started,70
Kevin,Manual Intervention,manual activity,Recon,All TLA's,ar515,ar515,Not Started,24
Farooq - Corp,Manual Intervention,Recycle/ Patching/ Recovery,Enterprise Analytics,APC,Brain Esler,ar515,Completed,22
Kevin,Batch Job Abends,,Assets & Pricing,APR,sr211,sr211,Completed,5
Farooq - Corp,Batch Job Abends,,,ARK,,sr211,Completed,10
Farooq - Corp,Manual Intervention,manual activity,Corporate Data,ASM,vrm7,vrm7,Completed,30
Farooq - Corp,Others,Monitoring,Corporate Data,ASM,ac556,ac556,Completed,4
Kevin,Batch Job Abends,,Internal reporting,ATP,Indu Kumar/jjf5,jjf5,Completed,45
Farooq,CAAPM - Danger Alerts,CAAPM - Danger Alerts,Cash,BCH,nm177/Abhishek Anand ,nm177,Completed,25
Farooq - Corp,Batch Job Abends,,Risk & Compliance,BCW,mmr8,mmr8,Completed,2
Farooq - Corp,Batch Job Abends,,Risk & Compliance,BCW,mmr8,mmr8,Completed,2
Farooq - Corp,Manual Intervention,manual activity,Corporate Data,CAD,aa68,aa68,Completed,30
Farooq - Corp,Batch Job Abends,,Corporate Data,CAD,aa68,aa68,Completed,20
Farooq - Corp,Others,Monitoring,Corporate Data,CAD,ac556,ac556,Completed,3
Farooq - Corp,Others,Monitoring,Corporate Data,CAD,ac556,ac556,Completed,2
Farooq - Corp,Manual Intervention,manual activity,Corporate Data,CAD,ac556,ac556,Completed,2
Farooq - Corp,Manual Intervention,manual activity,Corporate Data,CAD,rm130,rm130,Not Started,20
Farooq - Corp,Manual Intervention,manual activity,Corporate Data,CAD,rm130,rm130,Not Started,15
Farooq - Corp,Manual Intervention,Reporting,Corporate Data,CAD,rm130,rm130,In Progress,10
Farooq - Corp,Manual Intervention,manual activity,Corporate Data,CAD,rm130,rm130,Not Started,10
Farooq - Corp,Batch Job Abends,,Corporate Data,CAD,ac556,ac556,Completed,2
Farooq - Corp,Batch Job Abends,,Corporate Data,CAD,aa68,aa68,Completed,3
Farooq - Corp,Batch Job Abends,,Risk & Compliance,CCR,mmr8,mmr8,Completed,3
Farooq - Corp,Manual Intervention,Recycle/ Patching/ Recovery,Risk & Compliance,CCR,mmr8,mmr8,Completed,60
Farooq - Corp,Batch Job Abends,,Risk & Compliance,CCR,ac556,ac556,Completed,4
Kevin,Manual Intervention,manual activity,LTS,CMH,hk3,hk3,Completed,7.5
Kevin,Manual Intervention,manual activity,LTS,CMH,hk3,hk3,Completed,10
Kevin,Manual Intervention,manual activity,LTS,CMH,hk3,hk3,Completed,5
Farooq - Corp,Manual Intervention,manual activity,Enterprise Analytics,COG,Brain Esler,hk3,In Progress,22
Farooq - Corp,Manual Intervention,manual activity,Enterprise Analytics,COG,Brain Esler,hk3,Not Started,10
Sean,Batch Job Abends,,DPA,DCP,Steven Smith/ prd8,prd8,Completed,42
Sean,Batch Job Abends,,DPA,DCP,Steven Smith/ prd8,prd8,Completed,4
Sean,Batch Job Abends,,DPA,DCP,Steven Smith/ prd8,prd8,Completed,3
Kevin,Batch Job Abends,,EQP-EDW,DIA,sm703/Dan Schultz,sm703,Completed,20
Kevin,Manual Data Updates,,EQP-EDW,DIA,sm703/Dan Schultz,sm703,Completed,5
Kevin,Batch Job Abends,,EQP-EDW,DIA,sm703/Dan Schultz,sm703,Completed,40
Kevin,Manual Data Updates,,EQP-EDW,DIA/DIT,sm703/Dan Schultz,sm703,Completed,40
Kevin,Batch Job Abends,,EQP-EDW,DIC,Robert Grad,rg15,Completed,3
Farooq,Others,Pandora Alert,Cash,EBP,,rg15,Completed,3.75
Sean,Batch Job Abends,,DPA,EDM,ar153,ar153,Completed,10
Sean,Others,Error Queue,DPA,EDM,ar153,ar153,Completed,8.75
Sean,Others,Error Queue,DPA,EDM,ar153,ar153,In Progress,10
Kevin,Batch Job Abends,,EPM,EPM,as312,as312,Completed,4
Farooq - Corp,Batch Job Abends,,EPM,EPM,ac556,ac556,Completed,4
Farooq - Corp,Manual Intervention,manual activity,EPM,EPM,as312,as312,Not Started,5
Farooq - Corp,Manual Intervention,manual activity,EPM,EPM,as312,as312,Not Started,5
Farooq - Corp,Manual Intervention,manual activity,EPM,EPM,as312,as312,Not Started,5
Farooq - Corp,Others,Monitoring,EPM,EPM,as312,as312,Not Started,5
Kevin,Others,"Health checks 
",EQP-EDW,EQP,David Timonen,dmt2,Not Started,33
Farooq - Corp,Batch Job Abends,,Corporate Data,ERM,ac556,ac556,Completed,3
Farooq - Corp,Batch Job Abends,,Corporate Data,ERM,ac556,ac556,Completed,2
Farooq - Corp,Others,Access Requests,Corporate Data,ERM,rm130,rm130,Not Started,10
Farooq - Corp,Manual Intervention,manual activity,Corporate Data,ERM,rm130,rm130,In Progress,40
Farooq - Corp,Manual Intervention,manual activity,Corporate Data,ERM,rm130,rm130,In Progress,20
Farooq - Corp,Manual Intervention,manual activity,Corporate Data,ERM,rm130,rm130,In Progress,10
Farooq - Corp,Manual Intervention,Configuration requirement,Corporate Data,ERM,rm130,rm130,Not Started,120
Farooq - Corp,Manual Intervention,manual activity,Corporate Data,ERM,rm130,rm130,Not Started,50
Farooq - Corp,Manual Intervention,manual activity,Corporate Data,ERM,rm130,rm130,Not Started,10
Farooq - Corp,Manual Intervention,manual activity,Risk & Comp,FBR,mmr8,mmr8,Completed,12
Farooq - Corp,Manual Intervention,manual activity,Risk & Compliance,FBR,mmr8,mmr8,In Progress,12
Farooq - Corp,Manual Intervention,Recycle/ Patching/ Recovery,,FGC,skn1,skn1,Completed,128
Farooq - Corp,Manual Intervention,Recycle/ Patching/ Recovery,,FGC,skn1,skn1,Completed,16
Farooq - Corp,Manual Intervention,Recycle/ Patching/ Recovery,,FGC,skn1,skn1,Completed,16
Farooq - Corp,Manual Intervention,manual activity,Hyperion,FGC,skn1,skn1,Completed,22
Farooq - Corp,Manual Intervention,manual activity,Hyperion,FGC/FPF,skn1,skn1,Not Started,6
Farooq - Corp,Manual Intervention,manual activity,ETL/DWH,FGL,ps171/Kelly Amor,ps171,Not Started,15
Farooq - Corp,Manual Intervention,Recycle/ Patching/ Recovery,,FPF,skn1,skn1,Completed,16
Farooq - Corp,Manual Intervention,Recycle/ Patching/ Recovery,,FPF,skn1,skn1,Completed,8
Farooq - Corp,Manual Intervention,Recycle/ Patching/ Recovery,,FPF,skn1,skn1,Completed,4
Farooq - Corp,Manual Intervention,manual activity,Hyperion,FPF,skn1,skn1,In Progress,22
Kevin,Batch Job Abends,,,FQP,,skn1,Completed,2
Kevin,Batch Job Abends,,Custody Accounting,GAH,ac556,ac556,Completed,10
Kevin,Manual Intervention,manual activity,Custody Accounting,GAH,ac556,ac556,Completed,5
Kevin,Batch Job Abends,,Custody Accounting,GAH,ac556,ac556,In Progress,7.5
Kevin,Manual Intervention,manual activity,Custody Accounting,GAH,ac556,ac556,In Progress,30
Farooq,Manual Intervention,manual activity,Cash,GCH,nm177,nm177,Completed,6.25
Farooq,Others,BAM Alerts,Cash,GCH,nm177/Sriraamulu Srikandan,nm177,Completed,6.25
Farooq,CAAPM - Danger Alerts,CAAPM -Danger Alerts,Cash,GCH,nm177/Abhishek Anand ,nm177,Completed,5
Farooq,CAAPM - Danger Alerts,CAAPM - Danger Alerts,Cash,GCH,,nm177,Completed,6
Kevin,Batch Job Abends,,Custody Accounting,GDS,Michael Sebenste/rv157,rv157,Completed,2.5
Kevin,Batch Job Abends,,Custody Accounting,GDS,ac556,ac556,Completed,3
Kevin,Batch Job Abends,,Custody Accounting,GDS,ac556,ac556,Completed,3
Kevin,Batch Job Abends,,Custody Accounting,GDS,ac556,ac556,Completed,2
Kevin,Manual Data Updates,,Custody Accounting,GDS,Michael Sebenste/rv157,rv157,In Progress,20
Farooq - Corp,Manual Intervention,Reporting,Finance,GFB,dgw2,dgw2,In Progress,20
Farooq - Corp,Batch Job Abends,,,GFD,,dgw2,Completed,1
Farooq - Corp,Batch Job Abends,,,GFD,,dgw2,Completed,1
Farooq - Corp,Batch Job Abends,,,GFD,,dgw2,Completed,1
Farooq - Corp,Batch Job Abends,,,GFD,ac556,ac556,Completed,4
Kevin,Batch Job Abends,,Global Securities Lending,GSL,lgp,lgp,Completed,8
Kevin,Deadlock,,Global Securities Lending,GSL,lgp,lgp,Completed,2
Kevin,Deadlock,,Global Securities Lending,GSL,lgp,lgp,Completed,2
Kevin,Manual Intervention,manual activity,Global Securities Lending,GSL,sp47,sp47,Completed,45
Kevin,Manual Intervention,manual activity,Global Securities Lending,GSL,sp47,sp47,Completed,40
Kevin,Deadlock,,Global Securities Lending,GSL,,sp47,Completed,5
Kevin,Deadlock,,Global Securities Lending,GSL,lgp,lgp,Completed,4
Kevin,Deadlock,,Global Securities Lending,GSL,lgp,lgp,Completed,4
Kevin,Manual Intervention,manual activity,Global Securities Lending,GSL,lgp,lgp,Completed,10
Kevin,Manual Intervention,manual activity,Global Securities Lending,GSL,lgp,lgp,Completed,10
Kevin,Batch Job Abends,,Global Securities Lending,GSL,lgp,lgp,Completed,8
Kevin,Batch Job Abends,,Global Securities Lending,GSL,lgp,lgp,Completed,8
Kevin,Manual Intervention,manual activity,Global Securities Lending,GSL,sp47,sp47,Completed,40
Kevin,Manual Intervention,manual activity,Global Securities Lending,GSL,sp47,sp47,Completed,40
Kevin,CAAPM - Danger Alerts,CAAPM - Danger Alerts,Global Securities Lending,GSL,lgp,lgp,Completed,25
Kevin,Batch Job Abends,,Global Securities Lending,GSL,lgp,lgp,Completed,4
Kevin,Manual Intervention,manual activity,Global Securities Lending,GSL,lgp,lgp,Completed,25
Kevin,Batch Job Abends,,Global Securities Lending,GSL,lgp,lgp,Completed,12
Kevin,Manual Intervention,manual activity,Global Securities Lending,GSL,lgp,lgp,Completed,40
Kevin,Manual Intervention,manual activity,Global Securities Lending,GSL,lgp,lgp,Not Started,40
Kevin,Batch Job Abends,,Global Securities Lending,GSL,lgp,lgp,Completed,1
Kevin,Batch Job Abends,,Global Securities Lending,GSL,lgp,lgp,Completed,1
Kevin,Batch Job Abends,,Global Securities Lending,GSL,lgp,lgp,Completed,2
Kevin,Batch Job Abends,,Global Securities Lending,GSL,lgp,lgp,Completed,15
Kevin,Manual Intervention,manual activity,Global Securities Lending,GSL,lgp,lgp,In Progress,60
Kevin,Manual Intervention,manual activity,Global Securities Lending,GSL,lgp,lgp,In Progress,40
Kevin,Manual Intervention,manual activity,Global Securities Lending,GSL,lgp,lgp,In Progress,40
Kevin,Manual Intervention,manual activity,Global Securities Lending,GSL,lgp,lgp,In Progress,40
Kevin,Manual Intervention,manual activity,Global Securities Lending,GSL,lgp,lgp,Completed,40
Kevin,Manual Intervention,manual activity,Global Securities Lending,GSL,lgp,lgp,In Progress,40
Kevin,Manual Data Updates,,Global Securities Lending,GSL,lgp,lgp,In Progress,50
Kevin,Batch Job Abends,,Global Securities Lending,GSL,lgp,lgp,Not Started,25
Kevin,Manual Intervention,manual activity,Global Securities Lending,GSL,sp47,sp47,Not Started,40
Kevin,Manual Intervention,manual activity,Global Securities Lending,GSL,sp47,sp47,In Progress,30
Kevin,Others,Online Txns ,Global Securities Lending,GSL,lgp,lgp,Not Started,25
Kevin,Manual Intervention,manual activity,Recon,GXM,ar515,ar515,Completed,10
Kevin,Manual Intervention,Recycle/ Patching/ Recovery,Recon,GXM,rdm1,rdm1,Completed,44
Kevin,Manual Intervention,manual activity,Recon,GXM,rdm1,rdm1,In Progress,40
Kevin,Batch Job Abends,,Recon,GXM,rdm1,rdm1,Completed,3
Kevin,Batch Job Abends,,Recon,GXM,rdm1/Vimal,rdm1,Completed,3
Kevin,Manual Intervention,manual activity,Recon,GXM and PLC,ar515,ar515,Completed,120
Kevin,Manual Intervention,manual activity,Recon,GXM PLB(RUK),ar515,ar515,In Progress,10
Kevin,Manual Intervention,manual activity,Recon,GXM/PLC/PLB/PLF,ar515,ar515,Not Started,80
Farooq - Corp,Manual Intervention,manual activity,Enterprise Analytics,HRA,Brain Esler,ar515,Not Started,22
Sean,Manual Intervention,manual activity,DPA,ICC,Steven Smith/ Praveen Hemachandran,ph78,Completed,16.5
Farooq - Corp,Batch Job Abends,,Enterprise Analytics,ILA,Brian Esler/Gaurav Surendra Tapaswi <GST1@ntrs.com>,gst1,Completed,8
Farooq - Corp,Batch Job Abends,,Enterprise Analytics,ILA,,gst1,Completed,30
Farooq - Corp,Batch Job Abends,,Enterprise Analytics,ILA,ac556,ac556,Completed,3
Farooq - Corp,Batch Job Abends,,Enterprise Analytics,ILA,ac556,ac556,Completed,3
Farooq - Corp,Batch Job Abends,,Enterprise Analytics,ILA,ac556,ac556,Completed,2
Farooq - Corp,Batch Job Abends,,Enterprise Analytics,ILA,ac556,ac556,Completed,1
Farooq - Corp,Batch Job Abends,,Enterprise Analytics,ILA,ac556,ac556,Completed,5
Farooq - Corp,Batch Job Abends,,Enterprise Analytics,ILA,ac556,ac556,Completed,3
Farooq - Corp,Batch Job Abends,,Enterprise Analytics,ILA,ac556,ac556,Completed,3
Farooq - Corp,Batch Job Abends,,Enterprise Analytics,ILA,ac556,ac556,Completed,3
Farooq - Corp,Batch Job Abends,,Enterprise Analytics,ILA,ac556,ac556,Completed,3
Farooq - Corp,Batch Job Abends,,Enterprise Analytics,ILA,ac556,ac556,Completed,3
Farooq - Corp,Batch Job Abends,,Enterprise Analytics,ILA,ac556,ac556,Completed,3
Farooq - Corp,Batch Job Abends,,Enterprise Analytics,ILA,ac556,ac556,Completed,3
Farooq - Corp,SCOM,,Enterprise Analytics,ILA,ac556,ac556,Completed,30
Farooq - Corp,Batch Job Abends,,Enterprise Analytics,ILA,ac556,ac556,Completed,8
Farooq - Corp,Batch Job Abends,,Enterprise Analytics,ILA,ac556,ac556,Completed,7
Farooq - Corp,Batch Job Abends,,Enterprise Analytics,ILA,ac556,ac556,Completed,3
Farooq - Corp,Batch Job Abends,,Enterprise Analytics,ILA,ac556,ac556,Completed,1
Farooq - Corp,Batch Job Abends,,Enterprise Analytics,ILA,Brain Esler/Gaurav Surendra Tapaswi/kn34,kn34,Completed,5
Farooq - Corp,Batch Job Abends,,Enterprise Analytics,ILA,Brain Esler/Gaurav Surendra Tapaswi/kn34,kn34,Completed,5
Farooq - Corp,Batch Job Abends,,Enterprise Analytics,ILA,Brain Esler/Gaurav Surendra Tapaswi/kn34,kn34,Completed,5
Farooq - Corp,Batch Job Abends,,Enterprise Analytics,ILA,Brain Esler/Gaurav Surendra Tapaswi/kn34,kn34,Completed,4
Farooq - Corp,Batch Job Abends,,Enterprise Analytics,ILA,Brain Esler/Gaurav Surendra Tapaswi/kn34,kn34,In Progress,4
Farooq - Corp,Manual Intervention,manual activity,Risk & Comp,KYC,bk26,bk26,Completed,12
Farooq - Corp,Batch Job Abends,,Risk & Compliance,KYC,bk26,bk26,Completed,3
Farooq - Corp,Manual Intervention,manual activity,Risk & Compliance,KYC,bk26,bk26,Completed,4
Farooq - Corp,Batch Job Abends,,Risk & Compliance,KYC,ac556,ac556,Completed,8
Farooq,Others,Pandora Alert,Cash,LME,,ac556,Completed,3.75
Farooq,Others,Others,Cash,LME,Deepak Gupta/Prateek Shrivastava,dg18,Completed,15
Kevin,Manual Intervention,manual activity,LTS,LPT,ac556,ac556,Completed,3
Farooq - Corp,Manual Intervention,manual activity,,LQR,ac556,ac556,Completed,3
Farooq - Corp,Manual Intervention,manual activity,,MDM,Raghu Mavanthoor/Chouling Chang,cc125,Not Started,10
Kevin,Manual Intervention,manual activity,,MFA,,cc125,Completed,5
Kevin,Batch Job Abends,,,MFA,ac556,ac556,In Progress,5
Kevin,Batch Job Abends,,Mutual Funds,MFR,Glenn Brown,gab5,Completed,5
Farooq,Manual Intervention,manual activity,Messaging,MGW,nm177,nm177,Completed,25
Farooq,CAAPM - Danger Alerts,CAAPM - Danger Alerts,Messaging,MGW,nm177/Tamilarasi Thooyamani,nm177,Completed,25
Farooq,Others,Pandora Alert,Messaging,MGW,nm177/Tamilarasi Thooyamani,nm177,Completed,25
Farooq,Others,BAM Alerts,Messaging,MGW,nm177/Tamilarasi Thooyamani,nm177,Completed,4
Farooq,Manual Intervention,Recycle/Patching/Recovery,Messaging,MGW/SNF,nm177/Gautam Kumar,nm177,Completed,35
Farooq,CAAPM - Danger Alerts,CAAPM - Danger Alerts,Cash,MID,,nm177,Completed,7.5
Farooq,Manual Intervention,manual activity,Cash,MID,,nm177,In Progress,3
Farooq,CAAPM - Danger Alerts,CAAPM - Danger Alerts,Cash,MTS,nm177/Rohit Nagar,nm177,Completed,25
Farooq,CAAPM - Danger Alerts,CAAPM - Danger Alerts,Cash,MTS,nm177/Rohit Nagar,nm177,Completed,3.75
Farooq,CAAPM - Danger Alerts,CAAPM - Danger Alerts,Cash,MTS,nm177/Rohit Nagar,nm177,Completed,2.5
Farooq,Others,Pandora Alert,Cash,MTS,nm177/Rohit Nagar,nm177,Completed,3.75
Farooq,CAAPM - Danger Alerts,CAAPM - Danger Alerts,Cash,MTS/GPP,,nm177,In Progress,8
Kevin,Manual Data Updates,,Custody Accounting,NIC,Michael Sebenste/rv157,rv157,In Progress,20
Sean,CAAPM - Danger Alerts,CAAPM - Danger Alerts,Fintech,OXD,Margaret Ng,mn75,Completed,12.5
Farooq - Corp,Manual Intervention,Recycle/Patching/Recovery,,PBI,skn1,skn1,Completed,16
Farooq - Corp,Manual Intervention,Recycle/Patching/Recovery,,PBI,skn1,skn1,Completed,16
Farooq - Corp,Batch Job Abends,,Corporate Data,PEM,aa68,aa68,Completed,20
Farooq,Others,Pandora Alert,Cash,PIN,,aa68,Completed,3.75
Kevin,Manual Intervention,Reporting,Recon,PLB,ar515,ar515,Completed,40
Kevin,Manual Intervention,manual activity,Recon,PLB,ar515,ar515,Completed,40
Kevin,Manual Intervention,Recycle/ Patching/ Recovery,Recon,PLB,ar515,ar515,Not Started,40
Kevin,Manual Intervention,Reporting,Recon,PLB,ar515,ar515,Completed,40
Kevin,Manual Intervention,Reporting,Recon,PLB,ar515,ar515,Not Started,10
Kevin,Manual Intervention,Recycle/ Patching/ Recovery,Recon,PLB,rdm1,rdm1,Completed,44
Kevin,Manual Intervention,Recycle/ Patching/ Recovery,Recon,PLC,ar515,ar515,Completed,12
Kevin,Batch Job Abends,,Recon,PLC,ac556,ac556,Completed,10
Kevin,Manual Intervention,Reporting,Recon,PLC,ar515,ar515,Completed,80
Kevin,Manual Intervention,Reporting,Recon,PLC,ar515,ar515,Not Started,40
Kevin,Manual Intervention,Recycle/ Patching/ Recovery,Recon,PLC,rdm1,rdm1,Completed,44
Kevin,Batch Job Abends,,Recon,PLC,rdm1,rdm1,Not Started,7.5
Kevin,Manual Intervention,Recycle/ Patching/ Recovery,Recon,PLC ,ar515,ar515,Completed,40
Kevin,Manual Intervention,Reporting,Recon,PLC/ GXM/ PLB/ PLF,rdm1,rdm1,Completed,60
Kevin,Manual Intervention,Recycle/ Patching/ Recovery,Recon,PLC/ GXM/ PLB/ PLF,ar515,ar515,In Progress,40
Kevin,CAAPM - Danger Alerts,CAAPM - Danger Alerts,Recon,PLC/PLB/PLF,ar515,ar515,Completed,5
Kevin,Batch Job Abends,,Recon,PLC/PLB/PLF,ar515,ar515,Completed,10
Kevin,Manual Intervention,manual activity,Recon,PLC/PLB/PLF,ar515,ar515,Completed,6
Kevin,Manual Intervention,manual activity,Recon,PLC/PLB/PLF,ar515,ar515,In Progress,22
Kevin,Batch Job Abends,,Recon,PLC/PLB/PLF,ar515,ar515,Completed,6
Kevin,Manual Intervention,Recycle/ Patching/ Recovery,Recon,PLC/PLB/PLF,ar515,ar515,Not Started,60
Kevin,Manual Intervention,Reporting,Recon,PLF,ar515,ar515,Completed,80
Kevin,Manual Intervention,Reporting,Recon,PLF,ar515,ar515,Completed,80
Kevin,Manual Intervention,Recycle/ Patching/ Recovery,Recon,PLF,ar515,ar515,Completed,40
Kevin,Manual Intervention,manual activity,Recon,PLF,ac556,ac556,Completed,33
Kevin,Manual Intervention,Recycle/ Patching/ Recovery,Recon,PLF,ar515,ar515,Not started,40
Kevin,Manual Intervention,Reporting,Recon,PLF ,ar515,ar515,Completed,40
Kevin,Manual Intervention,Reporting,Recon,PLF ,ar515,ar515,Completed,40
Kevin,Manual Intervention,Reporting,Recon,PLF ,ar515,ar515,Completed,50
Kevin,Deadlock,,Assets & Pricing,POP, Siva Rajagopalan,ar515,Completed,11.5
Kevin,Manual Intervention,Recycle/ Patching/ Recovery,LTS,PRX,hk3,hk3,Completed,7.5
Kevin,Manual Intervention,Recycle/ Patching/ Recovery,LTS,PRX,hk3,hk3,Completed,7.5
Kevin,Manual Intervention,Recycle/ Patching/ Recovery,LTS,PRX,hk3,hk3,Not started,0
Farooq - Corp,Batch Job Abends,,Risk & Compliance,RCS,bk26/ Hieu Phan,bk26,In Progress,12
Farooq - Corp,Batch Job Abends,,Risk & Compliance,RCS,bk26/ Hieu Phan,bk26,In Progress,1
Farooq - Corp,Manual Intervention,manual activity,Risk & Compliance,RSD,bk26,bk26,In Progress,5
Kevin,Batch Job Abends,,Trade,RSE,jz9,jz9,Completed,20
Kevin,Manual Intervention,Reporting,Recon,RUS,ar515,ar515,Completed,6
Farooq,Manual Intervention,manual activity,Messaging,SNF,nm177,nm177,Completed,44
Farooq,CAAPM - Danger Alerts,CAAPM - Danger Alerts,Fintech,SRA,nm177/Tamilarasi Thooyamani,nm177,Completed,8.75
Farooq,CAAPM - Danger Alerts,CAAPM - Danger Alerts,Fintech,SRA,nm177/Tamilarasi Thooyamani,nm177,Completed,5
Kevin,Manual Intervention,manual activity,,TAX,,nm177,Completed,2
Kevin,Manual Intervention,manual activity,Trust Bank Reporting,TBR,Michael Sebenste/rv157,rv157,Not Started,25
Kevin,Manual Intervention,Recycle/ Patching/ Recovery,Recon,TLM (PLC),ar515,ar515,In Progress,40
Kevin,Manual Intervention,manual activity,Trade Order,TOE,ac556,ac556,Not Started,0
Kevin,Manual Intervention,manual activity,Trade Order,TOE,ac556,ac556,Not Started,0
Kevin,Manual Intervention,manual activity,Trade Order,TOE,ac556,ac556,Not Started,0
Kevin,Manual Intervention,manual activity,Trade Order,TOE,ac556,ac556,Not Started,0
Kevin,Manual Intervention,manual activity,Trade Order,TOE,ac556,ac556,Not Started,0
Kevin,Manual Intervention,manual activity,Trade Order,TOE,ac556,ac556,In Progress,8
Kevin,Manual Data Updates,,Trade Order,TOE,jz9/ Sudha Varadharajan,jz9,Not Started,10
Kevin,Batch Job Abends,,Trade,TRA,jz9,jz9,Completed,23
Kevin,Batch Job Abends,,Trade,TRA,jz9,jz9,Completed,8
Kevin,Batch Job Abends,,Trade,TRA,jz9,jz9,Completed,2
Kevin,Batch Job Abends,,Trade,TRA,jz9,jz9,Completed,2
Kevin,Batch Job Abends,,Trade,TRA,jz9,jz9,Completed,3
Kevin,Batch Job Abends,,Trade,TRA,jz9,jz9,Completed,4
Kevin,Batch Job Abends,,Trade,TRA,jz9,jz9,Completed,2
Kevin,Others,Monitoring,Trade,TRA,ac556,ac556,Completed,1
Kevin,Batch Job Abends,,Trade,TRA,jz9,jz9,Completed,0.5
Kevin,Batch Job Abends,,Trade,TRA,jz9,jz9,Completed,0.5
Kevin,Batch Job Abends,,Trade,TRA,ac556,ac556,In Progress,12
Kevin,Batch Job Abends,,Trade,TRC,jz9,jz9,Completed,7
Kevin,Manual Data Updates,,Trade,TRC,Thomas Alajoki/jz9,jz9,Completed,5
Kevin,Batch Job Abends,,Trade,TRC,ac556,ac556,Completed,0.5
Farooq - Corp,Batch Job Abends,,,TXX,,ac556,Completed,5
Kevin,Batch Job Abends,,Dataload Domestic,VRP,Jim Cherian ,jc169,Completed,10
Kevin,Manual Intervention,manual activity,Dataload Domestic,VRP,ac556,ac556,In Progress,5
Farooq - Corp,Manual Intervention,manual activity,Enterprise Analytics,WCA,Brain Esler,ac556,Completed,22
Farooq - Corp,Manual Intervention,manual activity,Enterprise Analytics,WCA,Brain Esler,ac556,Not Started,2
Farooq,Batch Job Abends,,Cash,WCM,Deepak Gupta/Web Cash Support,ac556,Completed,8
Farooq,CAAPM - Danger Alerts,CAAPM - Danger Alerts,Cash,WCM/GCM/PIN,,ac556,Completed,6
Kevin,Manual Intervention,manual activity,Recon,PLB/PLC,ac556,ac556,In Progress,10
Kevin,Batch Job Abends,,Recon,PLB/PLC/PLF,ac556,ac556,In Progress,15
Farooq - Corp,Batch Job Abends,,Enterprise Analytics,ILA,Brain Esler/Gaurav Surendra Tapaswi/kn34,kn34,Completed,3
Farooq - Corp,Batch Job Abends,,Enterprise Analytics,ILA,Brain Esler/Gaurav Surendra Tapaswi/kn34,kn34,Completed,2
Farooq - Corp,Batch Job Abends,,Enterprise Analytics,ILA,Brain Esler/Gaurav Surendra Tapaswi/kn34,kn34,In Progress,2
Farooq - Corp,Batch Job Abends,,Enterprise Analytics,ILA,kn34 <kn34@ntrs.com>/ Gopinath Cataram,kn34,Completed,6
Farooq - Corp,Others,Monitoring,Enterprise Analytics,ILA,kn34 <kn34@ntrs.com>/ Gopinath Cataram,kn34,Completed,20
Farooq - Corp,Manual Intervention,Monitoring,Finance,GFB,ac556,ac556,Completed,3
Farooq - Corp,Batch Job Abends,,Finance,GFB,ac556,ac556,In Progress,5
Farooq - Corp,Manual Intervention,Monitoring,,FMZ,ac556,ac556,Completed,3
Farooq - Corp,Batch Job Abends,,EQP-EDW,DIC,ac556,ac556,Completed,5
Farooq - Corp,Batch Job Abends,,EQP-EDW,DIC,ac556,ac556,Completed,5
Farooq - Corp,Batch Job Abends,,EQP-EDW,DIC,ac556,ac556,Completed,5
Farooq - Corp,Batch Job Abends,,EQP-EDW,DIC,ac556,ac556,Completed,2
Farooq - Corp,Batch Job Abends,,EQP-EDW,DIC,ac556,ac556,Completed,1
Farooq - Corp,Batch Job Abends,,EQP-EDW,DIC,ac556,ac556,Completed,2
Farooq - Corp,Batch Job Abends,,EQP-EDW,DIC,ac556,ac556,Completed,1
Farooq - Corp,Batch Job Abends,,EQP-EDW,DIC,ac556,ac556,Completed,1
Farooq,CAAPM - Danger Alerts,CAAPM - Danger Alerts,Fintech,Swift/TXD,,ac556,Completed,6
Kevin ,Manual Intervention,Recycle/ Patching/ Recovery,Recon,GXM,ac556,ac556,In Progress,5
Farooq - Corp,Manual Intervention,manual activity,Enterprise Analytics,COG,ac556,ac556,In Progress,3
Farooq - Corp,Manual Intervention,manual activity,Enterprise Analytics,COG,ac556,ac556,Completed,3
Farooq - Corp,Manual Intervention,manual activity,Enterprise Analytics,COG,ac556,ac556,Completed,1
Farooq - Corp,Batch Job Abends,,Enterprise Analytics,ICT,ac556,ac556,Completed,3
Farooq - Corp,Batch Job Abends,,Enterprise Analytics,ICT,ac556,ac556,Completed,3
Farooq - Corp,Batch Job Abends,,Enterprise Analytics,ICT,ac556,ac556,In Progress,3
Farooq - Corp,Batch Job Abends,,EPM,EPM,ac556,ac556,Completed,5
Farooq - Corp,Batch Job Abends,,EPM,EPM,ac556,ac556,Completed,5
Farooq - Corp,Batch Job Abends,,EPM,EPM,ac556,ac556,Completed,3
Farooq - Corp,Batch Job Abends,,EPM,EPM,ac556,ac556,Completed,3
Farooq - Corp,Batch Job Abends,,EPM,EPM,ac556,ac556,Completed,3
Farooq - Corp,Batch Job Abends,,EPM,EPM,ac556,ac556,Completed,6
Farooq - Corp,Batch Job Abends,,EPM,EPM,ac556,ac556,Completed,2
Farooq - Corp,Batch Job Abends,,EPM,EPM,ac556,ac556,In Progress,5
Farooq - Corp,Batch Job Abends,,EPM,EPM,ac556,ac556,Not Started,2
Farooq - Corp,Batch Job Abends,,EPM,EPM,ac556,ac556,Not Started,1
Farooq - Corp,Manual Intervention,manual activity,Risk & Compliance,RSD,ac556,ac556,Completed,2
Farooq - Corp,Manual Intervention,manual activity,Risk & Compliance,RSD,ac556,ac556,Completed,2
Farooq - Corp,Batch Job Abends,,ETL/DWH,FGL,ac556,ac556,Completed,2
Farooq - Corp,Manual Intervention,manual activity,ETL/DWH,FGL,ac556,ac556,In Progress,3
Farooq - Corp,Batch Job Abends,,ETL/DWH,FGL,ac556,ac556,In Progress,3
Farooq - Corp,Batch Job Abends,,ETL/DWH,FGL,ac556,ac556,In Progress,4
Farooq - Corp,Batch Job Abends,,ETL/DWH,FGL,ac556,ac556,In Progress,2
Farooq - Corp,Batch Job Abends,,ETL/DWH,FGL,ac556,ac556,In Progress,2
Farooq - Corp,Batch Job Abends,,ETL/DWH,FGL,ac556,ac556,In Progress,2
Farooq - Corp,Batch Job Abends,,Risk & Compliance,PEP,ac556,ac556,Completed,2
Farooq - Corp,Batch Job Abends,,ETL,FIO,ac556,ac556,Completed,1
Farooq - Corp,Batch Job Abends,,Corporate Data,CAD,ac556,ac556,Completed,1
Farooq - Corp,Batch Job Abends,,Corporate Data,CAD,ac556,ac556,Completed,2
Farooq - Corp,Batch Job Abends,,Corporate Data,CAD,ac556,ac556,In Progress,2
Farooq - Corp,Batch Job Abends,,Corporate Data,CAD,ac556,ac556,In Progress,2
Farooq - Corp,Batch Job Abends,,Corporate Data,CAD,ac556,ac556,Completed,2
Farooq - Corp,Batch Job Abends,,Corporate Data,CAD,ac556,ac556,Not Started,1
Farooq - Corp,Batch Job Abends,,Corporate Data,CAD,ac556,ac556,Not Started,1
Farooq - Corp,Batch Job Abends,,Corporate Data,CAD,ac556,ac556,Not Started,1
Farooq - Corp,Batch Job Abends,,Corporate Data,CAD,ac556,ac556,Not Started,1
Farooq - Corp,Batch Job Abends,,Corporate Data,CAD,ac556,ac556,Not Started,2
Farooq - Corp,Batch Job Abends,,Corporate Data,CAD,ac556,ac556,Not Started,1
Farooq - Corp,Batch Job Abends,,Corporate Data,CAD,ac556,ac556,Not Started,1
Farooq - Corp,Batch Job Abends,,Corporate Data,CAD,ac556,ac556,Not Started,1
Farooq - Corp,Batch Job Abends,,Corporate Data,CAD,ac556,ac556,Not Started,1
Farooq - Corp,Batch Job Abends,,Corporate Data,CAD,ac556,ac556,Not Started,1
Farooq - Corp,Batch Job Abends,,Corporate Data,CAD,ac556,ac556,Not Started,1
Farooq - Corp,Batch Job Abends,,Corporate Data,CAD,ac556,ac556,Not Started,1
Farooq - Corp,Manual Intervention,manual activity,Corporate Data,CAD,ac556,ac556,Not Started,2
Farooq - Corp,Batch Job Abends,,Risk & Compliance,CCR,ac556,ac556,Completed,2
Farooq - Corp,Batch Job Abends,,Risk & Compliance,BCW,ac556,ac556,Completed,3
Farooq - Corp,Batch Job Abends,,Risk & Compliance,CCR,ac556,ac556,Completed,2
Farooq - Corp,Batch Job Abends,,Risk & Compliance,CCR,ac556,ac556,In Progress,2
Farooq - Corp,Sysadmin,,Risk & Compliance,CCR,ac556,ac556,In Progress,3
Farooq - Corp,Batch Job Abends,,Risk & Compliance,CCR,ac556,ac556,In Progress,2
Farooq - Corp,Batch Job Abends,,Risk & Compliance,CCR,ac556,ac556,In Progress,1
Farooq - Corp,Batch Job Abends,,Risk & Compliance,CCR,ac556,ac556,In Progress,2
Farooq - Corp,Batch Job Abends,,Risk & Compliance,CCR,ac556,ac556,In Progress,2
Farooq - Corp,Batch Job Abends,,Risk & Compliance,CCR,ac556,ac556,In Progress,2
Farooq - Corp,Batch Job Abends,,ETL,RAR,ac556,ac556,In Progress,2
Farooq - Corp,Batch Job Abends,,ETL,RAR,ac556,ac556,In Progress,2
Farooq - Corp,Batch Job Abends,,EQP-EDW,DMC,ac556,ac556,In Progress,8
Farooq - Corp,Batch Job Abends,,Enterprise Analytics,ILA,ac556,ac556,Completed,1
Farooq - Corp,Batch Job Abends,,Corporate Data,ERM,ac556,ac556,Completed,2
Farooq - Corp,Batch Job Abends,,Corporate Data,ERM,ac556,ac556,Completed,5
Farooq - Corp,Batch Job Abends,,Fees,FEP,ac556,ac556,Not Started,0
Farooq - Corp,Batch Job Abends,,ETL,TIO,ac556,ac556,Not Started,2
Farooq - Corp,Manual Intervention,manual activity,Enterprise Analytics,WCA,ac556,ac556,In Progress,6
Farooq - Corp,Batch Job Abends,,Enterprise Analytics,WCA,ac556,ac556,Not Started,8
Farooq - Corp,Batch Job Abends,,Enterprise Analytics,WCA,ac556,ac556,Not Started,2
Farooq - Corp,Batch Job Abends,,Enterprise Analytics,WCA,ac556,ac556,Not Started,2
Farooq - Corp,Batch Job Abends,,Enterprise Analytics,WCA,ac556,ac556,Not Started,1
Farooq - Corp,Batch Job Abends,,Enterprise Analytics,WCA,ac556,ac556,Not Started,2
Farooq - Corp,Batch Job Abends,,Enterprise Analytics,WCA,ac556,ac556,Not Started,3
Farooq - Corp,Batch Job Abends,,Finance,GFB,ac556,ac556,Not Started,3
Farooq,CAAPM - Danger Alerts,CAAPM - Danger Alerts,Fintech,Swift/TXD,,ac556,Completed,6
Farooq - Corp,Batch Job Abends,,Enterprise Analytics,ILA,ac556,ac556,Completed,3
Farooq - Corp,Batch Job Abends,,Enterprise Analytics,ILA,ac556,ac556,Completed,3
