start,end,Director,Category,Category 2,Cluster,tla,user_id,run_status,toil_hrs_saved
2022-09-01T00:00:00.000000Z,2022-09-30T23:59:59.000000Z,Farooq - Corp,Manual Intervention,manual activity,Enterprise Analytics, ILA,jc169,success,22
2022-09-01T00:00:00.000000Z,2022-09-30T23:59:59.000000Z,Kevin,Manual Intervention,manual activity,Dataload Domestic,ACC,jc169,success,8
2022-09-01T00:00:00.000000Z,2022-09-30T23:59:59.000000Z,Kevin,Manual Intervention,manual activity,Dataload Domestic,ACE,ac556,success,15
2022-09-01T00:00:00.000000Z,2022-09-30T23:59:59.000000Z,Kevin,Manual Intervention,manual activity,Dataload Domestic,ACE,ac556,success,15
2022-09-01T00:00:00.000000Z,2022-09-30T23:59:59.000000Z,Kevin,Manual Intervention,Reporting,Dataload Domestic,ACE,cs534,success,75
2022-09-01T00:00:00.000000Z,2022-09-30T23:59:59.000000Z,Kevin,Manual Intervention,manual activity,Dataload Domestic,ACE,cs534,success,45
2022-09-01T00:00:00.000000Z,2022-09-30T23:59:59.000000Z,Kevin,Manual Intervention,manual activity,Dataload Domestic,ACE,cs534,success,15
2022-09-01T00:00:00.000000Z,2022-09-30T23:59:59.000000Z,Kevin,Others,Capacity ,Dataload Domestic,AIM,jc169,success,5
2022-09-01T00:00:00.000000Z,2022-09-30T23:59:59.000000Z,Kevin,Manual Intervention,manual activity,Assets & Pricing,AIP,jc169,success,40
2022-09-01T00:00:00.000000Z,2022-09-30T23:59:59.000000Z,Kevin,Manual Intervention,manual activity,Assets & Pricing,AIP,ac556,success,2
2022-09-01T00:00:00.000000Z,2022-09-30T23:59:59.000000Z,Kevin,Batch Job Abends,,Assets & Pricing,AIP,ac556,success,2
2022-09-01T00:00:00.000000Z,2022-09-30T23:59:59.000000Z,Kevin,Manual Intervention,manual activity,Assets & Pricing,AIP,ac556,success,2
2022-09-01T00:00:00.000000Z,2022-09-30T23:59:59.000000Z,Kevin,Manual Intervention,manual activity,Assets & Pricing,AIP,ac556,success,1
2022-09-01T00:00:00.000000Z,2022-09-30T23:59:59.000000Z,Kevin,Batch Job Abends,,Assets & Pricing,AIP,ac556,success,2
2022-09-01T00:00:00.000000Z,2022-09-30T23:59:59.000000Z,Kevin,Batch Job Abends,,Assets & Pricing,AIP,ac556,success,3
2022-09-01T00:00:00.000000Z,2022-09-30T23:59:59.000000Z,Kevin,Batch Job Abends,,Assets & Pricing,AIP,ac556,success,1
2022-09-01T00:00:00.000000Z,2022-09-30T23:59:59.000000Z,Kevin,Manual Intervention,manual activity,Assets & Pricing,AIP,ac556,success,3
2022-09-01T00:00:00.000000Z,2022-09-30T23:59:59.000000Z,Kevin,Manual Intervention,manual activity,Assets & Pricing,AIP,ac556,success,10
2022-09-01T00:00:00.000000Z,2022-09-30T23:59:59.000000Z,Kevin,Batch Job Abends,,Assets & Pricing,AIP,ac556,success,2
2022-09-01T00:00:00.000000Z,2022-09-30T23:59:59.000000Z,Kevin,Batch Job Abends,,Assets & Pricing,AIP,ac556,success,1
2022-09-01T00:00:00.000000Z,2022-09-30T23:59:59.000000Z,Kevin,Batch Job Abends,,Assets & Pricing,AIP,ac556,success,1
2022-09-01T00:00:00.000000Z,2022-09-30T23:59:59.000000Z,Kevin,Batch Job Abends,,Assets & Pricing,AIP,ac556,success,1
2022-09-01T00:00:00.000000Z,2022-09-30T23:59:59.000000Z,Kevin,Batch Job Abends,,Assets & Pricing,AIP,ac556,success,1
2022-09-01T00:00:00.000000Z,2022-09-30T23:59:59.000000Z,Farooq,Manual Intervention,manual activity,Fintech,All,ac556,success,12
2022-09-01T00:00:00.000000Z,2022-09-30T23:59:59.000000Z,Farooq,CAAPM - Danger Alerts,CAAPM - Danger Alerts,Cash/Fintech,All,ac556,success,6
2022-09-01T00:00:00.000000Z,2022-09-30T23:59:59.000000Z,Farooq,Manual Intervention,manual activity,Cash,All,ac556,success,20
2022-09-01T00:00:00.000000Z,2022-09-30T23:59:59.000000Z,Farooq - Corp,Manual Intervention,manual activity,,All (Analytics),ac556,success,70
2022-09-01T00:00:00.000000Z,2022-09-30T23:59:59.000000Z,Kevin,Manual Intervention,manual activity,Recon,All TLA's,ar515,success,24
2022-09-01T00:00:00.000000Z,2022-09-30T23:59:59.000000Z,Farooq - Corp,Manual Intervention,Recycle/Patching/Recovery,Enterprise Analytics,APC,ar515,success,22
2022-09-01T00:00:00.000000Z,2022-09-30T23:59:59.000000Z,Kevin,Batch Job Abends,,Assets & Pricing,APR,sr211,success,5
2022-09-01T00:00:00.000000Z,2022-09-30T23:59:59.000000Z,Farooq - Corp,Batch Job Abends,,,ARK,sr211,success,10
2022-09-01T00:00:00.000000Z,2022-09-30T23:59:59.000000Z,Farooq - Corp,Manual Intervention,manual activity,Corporate Data,ASM,sr211,success,30
2022-09-01T00:00:00.000000Z,2022-09-30T23:59:59.000000Z,Farooq - Corp,Others,Monitoring,Corporate Data,ASM,ac556,success,4
2022-09-01T00:00:00.000000Z,2022-09-30T23:59:59.000000Z,Kevin,Batch Job Abends,,Internal reporting,ATP,im9,success,45
2022-09-01T00:00:00.000000Z,2022-09-30T23:59:59.000000Z,Farooq,CAAPM - Danger Alerts,CAAPM - Danger Alerts,Cash,BCH,nm177,success,25
2022-09-01T00:00:00.000000Z,2022-09-30T23:59:59.000000Z,Farooq - Corp,Batch Job Abends,,Risk & Compliance,BCW,mmr8,success,2
2022-09-01T00:00:00.000000Z,2022-09-30T23:59:59.000000Z,Farooq - Corp,Batch Job Abends,,Risk & Compliance,BCW,mmr8,success,2
2022-09-01T00:00:00.000000Z,2022-09-30T23:59:59.000000Z,Farooq - Corp,Manual Intervention,manual activity,Corporate Data,CAD,aa68,success,30
2022-09-01T00:00:00.000000Z,2022-09-30T23:59:59.000000Z,Farooq - Corp,Batch Job Abends,,Corporate Data,CAD,aa68,success,20
2022-09-01T00:00:00.000000Z,2022-09-30T23:59:59.000000Z,Farooq - Corp,Others,Monitoring,Corporate Data,CAD,ac556,success,3
2022-09-01T00:00:00.000000Z,2022-09-30T23:59:59.000000Z,Farooq - Corp,Others,Monitoring,Corporate Data,CAD,ac556,success,2
2022-09-01T00:00:00.000000Z,2022-09-30T23:59:59.000000Z,Farooq - Corp,Manual Intervention,manual activity,Corporate Data,CAD,ac556,success,2
2022-09-01T00:00:00.000000Z,2022-09-30T23:59:59.000000Z,Farooq - Corp,Manual Intervention,manual activity,Corporate Data,CAD,rm130,success,20
2022-09-01T00:00:00.000000Z,2022-09-30T23:59:59.000000Z,Farooq - Corp,Manual Intervention,manual activity,Corporate Data,CAD,rm130,success,15
2022-09-01T00:00:00.000000Z,2022-09-30T23:59:59.000000Z,Farooq - Corp,Manual Intervention,Reporting,Corporate Data,CAD,rm130,success,10
2022-09-01T00:00:00.000000Z,2022-09-30T23:59:59.000000Z,Farooq - Corp,Manual Intervention,manual activity,Corporate Data,CAD,rm130,success,10
2022-09-01T00:00:00.000000Z,2022-09-30T23:59:59.000000Z,Farooq - Corp,Batch Job Abends,,Corporate Data,CAD,ac556,success,2
2022-09-01T00:00:00.000000Z,2022-09-30T23:59:59.000000Z,Farooq - Corp,Batch Job Abends,,Corporate Data,CAD,aa68,success,3
2022-09-01T00:00:00.000000Z,2022-09-30T23:59:59.000000Z,Farooq - Corp,Batch Job Abends,,Risk & Compliance,CCR,mmr8,success,3
2022-09-01T00:00:00.000000Z,2022-09-30T23:59:59.000000Z,Farooq - Corp,Manual Intervention,Recycle/Patching/Recovery,Risk & Compliance,CCR,mmr8,success,60
2022-09-01T00:00:00.000000Z,2022-09-30T23:59:59.000000Z,Farooq - Corp,Batch Job Abends,,Risk & Compliance,CCR,ac556,success,4
2022-09-01T00:00:00.000000Z,2022-09-30T23:59:59.000000Z,Kevin,Manual Intervention,manual activity,LTS,CMH,hk3,success,7.5
2022-09-01T00:00:00.000000Z,2022-09-30T23:59:59.000000Z,Kevin,Manual Intervention,manual activity,LTS,CMH,hk3,success,10
2022-09-01T00:00:00.000000Z,2022-09-30T23:59:59.000000Z,Kevin,Manual Intervention,manual activity,LTS,CMH,hk3,success,5
2022-09-01T00:00:00.000000Z,2022-09-30T23:59:59.000000Z,Farooq - Corp,Manual Intervention,manual activity,Enterprise Analytics,COG,hk3,success,22
2022-09-01T00:00:00.000000Z,2022-09-30T23:59:59.000000Z,Farooq - Corp,Manual Intervention,manual activity,Enterprise Analytics,COG,hk3,success,10
2022-09-01T00:00:00.000000Z,2022-09-30T23:59:59.000000Z,Sean,Batch Job Abends,,DPA,DCP,ss481,success,42
2022-09-01T00:00:00.000000Z,2022-09-30T23:59:59.000000Z,Sean,Batch Job Abends,,DPA,DCP,ss481,success,4
2022-09-01T00:00:00.000000Z,2022-09-30T23:59:59.000000Z,Sean,Batch Job Abends,,DPA,DCP,ss481,success,3
2022-09-01T00:00:00.000000Z,2022-09-30T23:59:59.000000Z,Kevin,Batch Job Abends,,EQP-EDW,DIA,sm703,success,20
2022-09-01T00:00:00.000000Z,2022-09-30T23:59:59.000000Z,Kevin,Manual Data Updates,,EQP-EDW,DIA,sm703,success,5
2022-09-01T00:00:00.000000Z,2022-09-30T23:59:59.000000Z,Kevin,Batch Job Abends,,EQP-EDW,DIA,sm703,success,40
2022-09-01T00:00:00.000000Z,2022-09-30T23:59:59.000000Z,Kevin,Manual Data Updates,,EQP-EDW,DIA/DIT,sm703,success,40
2022-09-01T00:00:00.000000Z,2022-09-30T23:59:59.000000Z,Kevin,Batch Job Abends,,EQP-EDW,DIC,rg15,success,3
2022-09-01T00:00:00.000000Z,2022-09-30T23:59:59.000000Z,Farooq,Others,Pandora Alert,Cash,EBP,rg15,success,3.75
2022-09-01T00:00:00.000000Z,2022-09-30T23:59:59.000000Z,Sean,Batch Job Abends,,DPA,EDM,ar153,success,10
2022-09-01T00:00:00.000000Z,2022-09-30T23:59:59.000000Z,Sean,Others,Error Queue,DPA,EDM,ar153,success,8.75
2022-09-01T00:00:00.000000Z,2022-09-30T23:59:59.000000Z,Sean,Others,Error Queue,DPA,EDM,ar153,success,10
2022-09-01T00:00:00.000000Z,2022-09-30T23:59:59.000000Z,Kevin,Batch Job Abends,,EPM,EPM,am312,success,4
2022-09-01T00:00:00.000000Z,2022-09-30T23:59:59.000000Z,Farooq - Corp,Batch Job Abends,,EPM,EPM,ac556,success,4
2022-09-01T00:00:00.000000Z,2022-09-30T23:59:59.000000Z,Farooq - Corp,Manual Intervention,manual activity,EPM,EPM,am312,success,5
2022-09-01T00:00:00.000000Z,2022-09-30T23:59:59.000000Z,Farooq - Corp,Manual Intervention,manual activity,EPM,EPM,am312,success,5
2022-09-01T00:00:00.000000Z,2022-09-30T23:59:59.000000Z,Farooq - Corp,Manual Intervention,manual activity,EPM,EPM,am312,success,5
2022-09-01T00:00:00.000000Z,2022-09-30T23:59:59.000000Z,Farooq - Corp,Others,Monitoring,EPM,EPM,am312,success,5
2022-09-01T00:00:00.000000Z,2022-09-30T23:59:59.000000Z,Kevin,Others,Health checks,EQP-EDW,EQP,dmt2,success,33
2022-09-01T00:00:00.000000Z,2022-09-30T23:59:59.000000Z,Farooq - Corp,Batch Job Abends,,Corporate Data,ERM,ac556,success,3
2022-09-01T00:00:00.000000Z,2022-09-30T23:59:59.000000Z,Farooq - Corp,Batch Job Abends,,Corporate Data,ERM,ac556,success,2
2022-09-01T00:00:00.000000Z,2022-09-30T23:59:59.000000Z,Farooq - Corp,Others,Access Requests,Corporate Data,ERM,rm130,success,10
2022-09-01T00:00:00.000000Z,2022-09-30T23:59:59.000000Z,Farooq - Corp,Manual Intervention,manual activity,Corporate Data,ERM,rm130,success,40
2022-09-01T00:00:00.000000Z,2022-09-30T23:59:59.000000Z,Farooq - Corp,Manual Intervention,manual activity,Corporate Data,ERM,rm130,success,20
2022-09-01T00:00:00.000000Z,2022-09-30T23:59:59.000000Z,Farooq - Corp,Manual Intervention,manual activity,Corporate Data,ERM,rm130,success,10
2022-09-01T00:00:00.000000Z,2022-09-30T23:59:59.000000Z,Farooq - Corp,Manual Intervention,Configuration requirement,Corporate Data,ERM,rm130,success,120
2022-09-01T00:00:00.000000Z,2022-09-30T23:59:59.000000Z,Farooq - Corp,Manual Intervention,manual activity,Corporate Data,ERM,rm130,success,50
2022-09-01T00:00:00.000000Z,2022-09-30T23:59:59.000000Z,Farooq - Corp,Manual Intervention,manual activity,Corporate Data,ERM,rm130,success,10
2022-09-01T00:00:00.000000Z,2022-09-30T23:59:59.000000Z,Farooq - Corp,Manual Intervention,manual activity,Risk & Comp,FBR,mmr8,success,12
2022-09-01T00:00:00.000000Z,2022-09-30T23:59:59.000000Z,Farooq - Corp,Manual Intervention,manual activity,Risk & Compliance,FBR,mmr8,success,12
2022-09-01T00:00:00.000000Z,2022-09-30T23:59:59.000000Z,Farooq - Corp,Manual Intervention,Recycle/Patching/Recovery,,FGC,skn1,success,128
2022-09-01T00:00:00.000000Z,2022-09-30T23:59:59.000000Z,Farooq - Corp,Manual Intervention,Recycle/Patching/Recovery,,FGC,skn1,success,16
2022-09-01T00:00:00.000000Z,2022-09-30T23:59:59.000000Z,Farooq - Corp,Manual Intervention,Recycle/Patching/Recovery,,FGC,skn1,success,16
2022-09-01T00:00:00.000000Z,2022-09-30T23:59:59.000000Z,Farooq - Corp,Manual Intervention,manual activity,Hyperion,FGC,skn1,success,22
2022-09-01T00:00:00.000000Z,2022-09-30T23:59:59.000000Z,Farooq - Corp,Manual Intervention,manual activity,Hyperion,FGC/FPF,skn1,success,6
2022-09-01T00:00:00.000000Z,2022-09-30T23:59:59.000000Z,Farooq - Corp,Manual Intervention,manual activity,ETL/DWH,FGL,ka33,success,15
2022-09-01T00:00:00.000000Z,2022-09-30T23:59:59.000000Z,Farooq - Corp,Manual Intervention,Recycle/Patching/Recovery,,FPF,skn1,success,16
2022-09-01T00:00:00.000000Z,2022-09-30T23:59:59.000000Z,Farooq - Corp,Manual Intervention,Recycle/Patching/Recovery,,FPF,skn1,success,8
2022-09-01T00:00:00.000000Z,2022-09-30T23:59:59.000000Z,Farooq - Corp,Manual Intervention,Recycle/Patching/Recovery,,FPF,skn1,success,4
2022-09-01T00:00:00.000000Z,2022-09-30T23:59:59.000000Z,Farooq - Corp,Manual Intervention,manual activity,Hyperion,FPF,skn1,success,22
2022-09-01T00:00:00.000000Z,2022-09-30T23:59:59.000000Z,Kevin,Batch Job Abends,,,FQP,skn1,success,2
2022-09-01T00:00:00.000000Z,2022-09-30T23:59:59.000000Z,Kevin,Batch Job Abends,,Custody Accounting,GAH,ac556,success,10
2022-09-01T00:00:00.000000Z,2022-09-30T23:59:59.000000Z,Kevin,Manual Intervention,manual activity,Custody Accounting,GAH,ac556,success,5
2022-09-01T00:00:00.000000Z,2022-09-30T23:59:59.000000Z,Kevin,Batch Job Abends,,Custody Accounting,GAH,ac556,success,7.5
2022-09-01T00:00:00.000000Z,2022-09-30T23:59:59.000000Z,Kevin,Manual Intervention,manual activity,Custody Accounting,GAH,ac556,success,30
2022-09-01T00:00:00.000000Z,2022-09-30T23:59:59.000000Z,Farooq,Manual Intervention,manual activity,Cash,GCH,nm177,success,6.25
2022-09-01T00:00:00.000000Z,2022-09-30T23:59:59.000000Z,Farooq,Others,BAM Alerts,Cash,GCH,nm177,success,6.25
2022-09-01T00:00:00.000000Z,2022-09-30T23:59:59.000000Z,Farooq,CAAPM - Danger Alerts,CAAPM -Danger Alerts,Cash,GCH,nm177,success,5
2022-09-01T00:00:00.000000Z,2022-09-30T23:59:59.000000Z,Farooq,CAAPM - Danger Alerts,CAAPM - Danger Alerts,Cash,GCH,nm177,success,6
2022-09-01T00:00:00.000000Z,2022-09-30T23:59:59.000000Z,Kevin,Batch Job Abends,,Custody Accounting,GDS,ms149,success,2.5
2022-09-01T00:00:00.000000Z,2022-09-30T23:59:59.000000Z,Kevin,Batch Job Abends,,Custody Accounting,GDS,ac556,success,3
2022-09-01T00:00:00.000000Z,2022-09-30T23:59:59.000000Z,Kevin,Batch Job Abends,,Custody Accounting,GDS,ac556,success,3
2022-09-01T00:00:00.000000Z,2022-09-30T23:59:59.000000Z,Kevin,Batch Job Abends,,Custody Accounting,GDS,ac556,success,2
2022-09-01T00:00:00.000000Z,2022-09-30T23:59:59.000000Z,Kevin,Manual Data Updates,,Custody Accounting,GDS,ms149,success,20
2022-09-01T00:00:00.000000Z,2022-09-30T23:59:59.000000Z,Farooq - Corp,Manual Intervention,Reporting,Finance,GFB,dgw2,success,20
2022-09-01T00:00:00.000000Z,2022-09-30T23:59:59.000000Z,Farooq - Corp,Batch Job Abends,,,GFD,ac556,success,1
2022-09-01T00:00:00.000000Z,2022-09-30T23:59:59.000000Z,Farooq - Corp,Batch Job Abends,,,GFD,ac556,success,1
2022-09-01T00:00:00.000000Z,2022-09-30T23:59:59.000000Z,Farooq - Corp,Batch Job Abends,,,GFD,ac556,success,1
2022-09-01T00:00:00.000000Z,2022-09-30T23:59:59.000000Z,Farooq - Corp,Batch Job Abends,,,GFD,ac556,success,4
2022-09-01T00:00:00.000000Z,2022-09-30T23:59:59.000000Z,Kevin,Batch Job Abends,,Global Securities Lending,GSL,LGP,success,8
2022-09-01T00:00:00.000000Z,2022-09-30T23:59:59.000000Z,Kevin,Deadlock,,Global Securities Lending,GSL,LGP,success,2
2022-09-01T00:00:00.000000Z,2022-09-30T23:59:59.000000Z,Kevin,Deadlock,,Global Securities Lending,GSL,LGP,success,2
2022-09-01T00:00:00.000000Z,2022-09-30T23:59:59.000000Z,Kevin,Manual Intervention,manual activity,Global Securities Lending,GSL,SP47,success,45
2022-09-01T00:00:00.000000Z,2022-09-30T23:59:59.000000Z,Kevin,Manual Intervention,manual activity,Global Securities Lending,GSL,SP47,success,40
2022-09-01T00:00:00.000000Z,2022-09-30T23:59:59.000000Z,Kevin,Deadlock,,Global Securities Lending,GSL,SP47,success,5
2022-09-01T00:00:00.000000Z,2022-09-30T23:59:59.000000Z,Kevin,Deadlock,,Global Securities Lending,GSL,LGP,success,4
2022-09-01T00:00:00.000000Z,2022-09-30T23:59:59.000000Z,Kevin,Deadlock,,Global Securities Lending,GSL,LGP,success,4
2022-09-01T00:00:00.000000Z,2022-09-30T23:59:59.000000Z,Kevin,Manual Intervention,manual activity,Global Securities Lending,GSL,LGP,success,10
2022-09-01T00:00:00.000000Z,2022-09-30T23:59:59.000000Z,Kevin,Manual Intervention,manual activity,Global Securities Lending,GSL,LGP,success,10
2022-09-01T00:00:00.000000Z,2022-09-30T23:59:59.000000Z,Kevin,Batch Job Abends,,Global Securities Lending,GSL,LGP,success,8
2022-09-01T00:00:00.000000Z,2022-09-30T23:59:59.000000Z,Kevin,Batch Job Abends,,Global Securities Lending,GSL,LGP,success,8
2022-09-01T00:00:00.000000Z,2022-09-30T23:59:59.000000Z,Kevin,Manual Intervention,manual activity,Global Securities Lending,GSL,SP47,success,40
2022-09-01T00:00:00.000000Z,2022-09-30T23:59:59.000000Z,Kevin,Manual Intervention,manual activity,Global Securities Lending,GSL,SP47,success,40
2022-09-01T00:00:00.000000Z,2022-09-30T23:59:59.000000Z,Kevin,CAAPM - Danger Alerts,CAAPM - Danger Alerts,Global Securities Lending,GSL,LGP,success,25
2022-09-01T00:00:00.000000Z,2022-09-30T23:59:59.000000Z,Kevin,Batch Job Abends,,Global Securities Lending,GSL,LGP,success,4
2022-09-01T00:00:00.000000Z,2022-09-30T23:59:59.000000Z,Kevin,Manual Intervention,manual activity,Global Securities Lending,GSL,LGP,success,25
2022-09-01T00:00:00.000000Z,2022-09-30T23:59:59.000000Z,Kevin,Batch Job Abends,,Global Securities Lending,GSL,LGP,success,12
2022-09-01T00:00:00.000000Z,2022-09-30T23:59:59.000000Z,Kevin,Manual Intervention,manual activity,Global Securities Lending,GSL,LGP,success,40
2022-09-01T00:00:00.000000Z,2022-09-30T23:59:59.000000Z,Kevin,Manual Intervention,manual activity,Global Securities Lending,GSL,LGP,success,40
2022-09-01T00:00:00.000000Z,2022-09-30T23:59:59.000000Z,Kevin,Batch Job Abends,,Global Securities Lending,GSL,LGP,success,1
2022-09-01T00:00:00.000000Z,2022-09-30T23:59:59.000000Z,Kevin,Batch Job Abends,,Global Securities Lending,GSL,LGP,success,1
2022-09-01T00:00:00.000000Z,2022-09-30T23:59:59.000000Z,Kevin,Batch Job Abends,,Global Securities Lending,GSL,LGP,success,2
2022-09-01T00:00:00.000000Z,2022-09-30T23:59:59.000000Z,Kevin,Batch Job Abends,,Global Securities Lending,GSL,LGP,success,15
2022-09-01T00:00:00.000000Z,2022-09-30T23:59:59.000000Z,Kevin,Manual Intervention,manual activity,Global Securities Lending,GSL,LGP,success,60
2022-09-01T00:00:00.000000Z,2022-09-30T23:59:59.000000Z,Kevin,Manual Intervention,manual activity,Global Securities Lending,GSL,LGP,success,40
2022-09-01T00:00:00.000000Z,2022-09-30T23:59:59.000000Z,Kevin,Manual Intervention,manual activity,Global Securities Lending,GSL,LGP,success,40
2022-09-01T00:00:00.000000Z,2022-09-30T23:59:59.000000Z,Kevin,Manual Intervention,manual activity,Global Securities Lending,GSL,LGP,success,40
2022-09-01T00:00:00.000000Z,2022-09-30T23:59:59.000000Z,Kevin,Manual Intervention,manual activity,Global Securities Lending,GSL,LGP,success,40
2022-09-01T00:00:00.000000Z,2022-09-30T23:59:59.000000Z,Kevin,Manual Intervention,manual activity,Global Securities Lending,GSL,LGP,success,40
2022-09-01T00:00:00.000000Z,2022-09-30T23:59:59.000000Z,Kevin,Manual Data Updates,,Global Securities Lending,GSL,LGP,success,50
2022-09-01T00:00:00.000000Z,2022-09-30T23:59:59.000000Z,Kevin,Batch Job Abends,,Global Securities Lending,GSL,LGP,success,25
2022-09-01T00:00:00.000000Z,2022-09-30T23:59:59.000000Z,Kevin,Manual Intervention,manual activity,Global Securities Lending,GSL,SP47,success,40
2022-09-01T00:00:00.000000Z,2022-09-30T23:59:59.000000Z,Kevin,Manual Intervention,manual activity,Global Securities Lending,GSL,SP47,success,30
2022-09-01T00:00:00.000000Z,2022-09-30T23:59:59.000000Z,Kevin,Others,Online Txns ,Global Securities Lending,GSL,LGP,success,25
2022-09-01T00:00:00.000000Z,2022-09-30T23:59:59.000000Z,Kevin,Manual Intervention,manual activity,Recon,GXM,ar515,success,10
2022-09-01T00:00:00.000000Z,2022-09-30T23:59:59.000000Z,Kevin,Manual Intervention,Recycle/Patching/Recovery,Recon,GXM,rdm1,success,44
2022-09-01T00:00:00.000000Z,2022-09-30T23:59:59.000000Z,Kevin,Manual Intervention,manual activity,Recon,GXM,rdm1,success,40
2022-09-01T00:00:00.000000Z,2022-09-30T23:59:59.000000Z,Kevin,Batch Job Abends,,Recon,GXM,rdm1,success,3
2022-09-01T00:00:00.000000Z,2022-09-30T23:59:59.000000Z,Kevin,Batch Job Abends,,Recon,GXM,rdm1,success,3
2022-09-01T00:00:00.000000Z,2022-09-30T23:59:59.000000Z,Kevin,Manual Intervention,manual activity,Recon,GXM and PLC,ar515,success,120
2022-09-01T00:00:00.000000Z,2022-09-30T23:59:59.000000Z,Kevin,Manual Intervention,manual activity,Recon,GXM PLB(RUK),ar515,success,10
2022-09-01T00:00:00.000000Z,2022-09-30T23:59:59.000000Z,Kevin,Manual Intervention,manual activity,Recon,GXM/PLC/PLB/PLF,ar515,success,80
2022-09-01T00:00:00.000000Z,2022-09-30T23:59:59.000000Z,Farooq - Corp,Manual Intervention,manual activity,Enterprise Analytics,HRA,ar515,success,22
2022-09-01T00:00:00.000000Z,2022-09-30T23:59:59.000000Z,Sean,Manual Intervention,manual activity,DPA,ICC,ph78,success,16.5
2022-09-01T00:00:00.000000Z,2022-09-30T23:59:59.000000Z,Farooq - Corp,Batch Job Abends,,Enterprise Analytics,ILA,gst1,success,8
2022-09-01T00:00:00.000000Z,2022-09-30T23:59:59.000000Z,Farooq - Corp,Batch Job Abends,,Enterprise Analytics,ILA,gst1,success,30
2022-09-01T00:00:00.000000Z,2022-09-30T23:59:59.000000Z,Farooq - Corp,Batch Job Abends,,Enterprise Analytics,ILA,ac556,success,3
2022-09-01T00:00:00.000000Z,2022-09-30T23:59:59.000000Z,Farooq - Corp,Batch Job Abends,,Enterprise Analytics,ILA,ac556,success,3
2022-09-01T00:00:00.000000Z,2022-09-30T23:59:59.000000Z,Farooq - Corp,Batch Job Abends,,Enterprise Analytics,ILA,ac556,success,2
2022-09-01T00:00:00.000000Z,2022-09-30T23:59:59.000000Z,Farooq - Corp,Batch Job Abends,,Enterprise Analytics,ILA,ac556,success,1
2022-09-01T00:00:00.000000Z,2022-09-30T23:59:59.000000Z,Farooq - Corp,Batch Job Abends,,Enterprise Analytics,ILA,ac556,success,5
2022-09-01T00:00:00.000000Z,2022-09-30T23:59:59.000000Z,Farooq - Corp,Batch Job Abends,,Enterprise Analytics,ILA,ac556,success,3
2022-09-01T00:00:00.000000Z,2022-09-30T23:59:59.000000Z,Farooq - Corp,Batch Job Abends,,Enterprise Analytics,ILA,ac556,success,3
2022-09-01T00:00:00.000000Z,2022-09-30T23:59:59.000000Z,Farooq - Corp,Batch Job Abends,,Enterprise Analytics,ILA,ac556,success,3
2022-09-01T00:00:00.000000Z,2022-09-30T23:59:59.000000Z,Farooq - Corp,Batch Job Abends,,Enterprise Analytics,ILA,ac556,success,3
2022-09-01T00:00:00.000000Z,2022-09-30T23:59:59.000000Z,Farooq - Corp,Batch Job Abends,,Enterprise Analytics,ILA,ac556,success,3
2022-09-01T00:00:00.000000Z,2022-09-30T23:59:59.000000Z,Farooq - Corp,Batch Job Abends,,Enterprise Analytics,ILA,ac556,success,3
2022-09-01T00:00:00.000000Z,2022-09-30T23:59:59.000000Z,Farooq - Corp,Batch Job Abends,,Enterprise Analytics,ILA,ac556,success,3
2022-09-01T00:00:00.000000Z,2022-09-30T23:59:59.000000Z,Farooq - Corp,SCOM,,Enterprise Analytics,ILA,ac556,success,30
2022-09-01T00:00:00.000000Z,2022-09-30T23:59:59.000000Z,Farooq - Corp,Batch Job Abends,,Enterprise Analytics,ILA,ac556,success,8
2022-09-01T00:00:00.000000Z,2022-09-30T23:59:59.000000Z,Farooq - Corp,Batch Job Abends,,Enterprise Analytics,ILA,ac556,success,7
2022-09-01T00:00:00.000000Z,2022-09-30T23:59:59.000000Z,Farooq - Corp,Batch Job Abends,,Enterprise Analytics,ILA,ac556,success,3
2022-09-01T00:00:00.000000Z,2022-09-30T23:59:59.000000Z,Farooq - Corp,Batch Job Abends,,Enterprise Analytics,ILA,ac556,success,1
2022-09-01T00:00:00.000000Z,2022-09-30T23:59:59.000000Z,Farooq - Corp,Batch Job Abends,,Enterprise Analytics,ILA,hk3,success,5
2022-09-01T00:00:00.000000Z,2022-09-30T23:59:59.000000Z,Farooq - Corp,Batch Job Abends,,Enterprise Analytics,ILA,hk3,success,5
2022-09-01T00:00:00.000000Z,2022-09-30T23:59:59.000000Z,Farooq - Corp,Batch Job Abends,,Enterprise Analytics,ILA,hk3,success,5
2022-09-01T00:00:00.000000Z,2022-09-30T23:59:59.000000Z,Farooq - Corp,Batch Job Abends,,Enterprise Analytics,ILA,hk3,success,4
2022-09-01T00:00:00.000000Z,2022-09-30T23:59:59.000000Z,Farooq - Corp,Batch Job Abends,,Enterprise Analytics,ILA,hk3,success,4
2022-09-01T00:00:00.000000Z,2022-09-30T23:59:59.000000Z,Farooq - Corp,Manual Intervention,manual activity,Risk & Comp,KYC,bk26,success,12
2022-09-01T00:00:00.000000Z,2022-09-30T23:59:59.000000Z,Farooq - Corp,Batch Job Abends,,Risk & Compliance,KYC,bk26,success,3
2022-09-01T00:00:00.000000Z,2022-09-30T23:59:59.000000Z,Farooq - Corp,Manual Intervention,manual activity,Risk & Compliance,KYC,bk26,success,4
2022-09-01T00:00:00.000000Z,2022-09-30T23:59:59.000000Z,Farooq - Corp,Batch Job Abends,,Risk & Compliance,KYC,ac556,success,8
2022-09-01T00:00:00.000000Z,2022-09-30T23:59:59.000000Z,Farooq,Others,Pandora Alert,Cash,LME,ps411,success,3.75
2022-09-01T00:00:00.000000Z,2022-09-30T23:59:59.000000Z,Farooq,Others,Others,Cash,LME,ps411,success,15
2022-09-01T00:00:00.000000Z,2022-09-30T23:59:59.000000Z,Kevin,Manual Intervention,manual activity,LTS,LPT,ac556,success,3
2022-09-01T00:00:00.000000Z,2022-09-30T23:59:59.000000Z,Farooq - Corp,Manual Intervention,manual activity,,LQR,ac556,success,3
2022-09-01T00:00:00.000000Z,2022-09-30T23:59:59.000000Z,Farooq - Corp,Manual Intervention,manual activity,,MDM,cc125,success,10
2022-09-01T00:00:00.000000Z,2022-09-30T23:59:59.000000Z,Kevin,Manual Intervention,manual activity,,MFA,ac556,success,5
2022-09-01T00:00:00.000000Z,2022-09-30T23:59:59.000000Z,Kevin,Batch Job Abends,,,MFA,ac556,success,5
2022-09-01T00:00:00.000000Z,2022-09-30T23:59:59.000000Z,Kevin,Batch Job Abends,,Mutual Funds,MFR,gab5,success,5
2022-09-01T00:00:00.000000Z,2022-09-30T23:59:59.000000Z,Farooq,Manual Intervention,manual activity,Messaging,MGW,nm177,success,25
2022-09-01T00:00:00.000000Z,2022-09-30T23:59:59.000000Z,Farooq,CAAPM - Danger Alerts,CAAPM - Danger Alerts,Messaging,MGW,nm177,success,25
2022-09-01T00:00:00.000000Z,2022-09-30T23:59:59.000000Z,Farooq,Others,Pandora Alert,Messaging,MGW,nm177,success,25
2022-09-01T00:00:00.000000Z,2022-09-30T23:59:59.000000Z,Farooq,Others,BAM Alerts,Messaging,MGW,nm177,success,4
2022-09-01T00:00:00.000000Z,2022-09-30T23:59:59.000000Z,Farooq,Manual Intervention,Recycle/Patching/Recovery,Messaging,MGW/SNF,nm177,success,35
2022-09-01T00:00:00.000000Z,2022-09-30T23:59:59.000000Z,Farooq,CAAPM - Danger Alerts,CAAPM - Danger Alerts,Cash,MID,nm177,success,7.5
2022-09-01T00:00:00.000000Z,2022-09-30T23:59:59.000000Z,Farooq,Manual Intervention,manual activity,Cash,MID,nm177,success,3
2022-09-01T00:00:00.000000Z,2022-09-30T23:59:59.000000Z,Farooq,CAAPM - Danger Alerts,CAAPM - Danger Alerts,Cash,MTS,nm177,success,25
2022-09-01T00:00:00.000000Z,2022-09-30T23:59:59.000000Z,Farooq,CAAPM - Danger Alerts,CAAPM - Danger Alerts,Cash,MTS,nm177,success,3.75
2022-09-01T00:00:00.000000Z,2022-09-30T23:59:59.000000Z,Farooq,CAAPM - Danger Alerts,CAAPM - Danger Alerts,Cash,MTS,nm177,success,2.5
2022-09-01T00:00:00.000000Z,2022-09-30T23:59:59.000000Z,Farooq,Others,Pandora Alert,Cash,MTS,nm177,success,3.75
2022-09-01T00:00:00.000000Z,2022-09-30T23:59:59.000000Z,Farooq,CAAPM - Danger Alerts,CAAPM - Danger Alerts,Cash,MTS/GPP,nm177,success,8
2022-09-01T00:00:00.000000Z,2022-09-30T23:59:59.000000Z,Kevin,Manual Data Updates,,Custody Accounting,NIC,ms149,success,20
2022-09-01T00:00:00.000000Z,2022-09-30T23:59:59.000000Z,Sean,CAAPM - Danger Alerts,CAAPM - Danger Alerts,Fintech,OXD,mn75,success,12.5
2022-09-01T00:00:00.000000Z,2022-09-30T23:59:59.000000Z,Farooq - Corp,Manual Intervention,Recycle/Patching/Recovery,,PBI,skn1,success,16
2022-09-01T00:00:00.000000Z,2022-09-30T23:59:59.000000Z,Farooq - Corp,Manual Intervention,Recycle/Patching/Recovery,,PBI,skn1,success,16
2022-09-01T00:00:00.000000Z,2022-09-30T23:59:59.000000Z,Farooq - Corp,Batch Job Abends,,Corporate Data,PEM,aa68,success,20
2022-09-01T00:00:00.000000Z,2022-09-30T23:59:59.000000Z,Farooq,Others,Pandora Alert,Cash,PIN,aa68,success,3.75
2022-09-01T00:00:00.000000Z,2022-09-30T23:59:59.000000Z,Kevin,Manual Intervention,Reporting,Recon,PLB,ar515,success,40
2022-09-01T00:00:00.000000Z,2022-09-30T23:59:59.000000Z,Kevin,Manual Intervention,manual activity,Recon,PLB,ar515,success,40
2022-09-01T00:00:00.000000Z,2022-09-30T23:59:59.000000Z,Kevin,Manual Intervention,Recycle/Patching/Recovery,Recon,PLB,ar515,success,40
2022-09-01T00:00:00.000000Z,2022-09-30T23:59:59.000000Z,Kevin,Manual Intervention,Reporting,Recon,PLB,ar515,success,40
2022-09-01T00:00:00.000000Z,2022-09-30T23:59:59.000000Z,Kevin,Manual Intervention,Reporting,Recon,PLB,ar515,success,10
2022-09-01T00:00:00.000000Z,2022-09-30T23:59:59.000000Z,Kevin,Manual Intervention,Recycle/Patching/Recovery,Recon,PLB,rdm1,success,44
2022-09-01T00:00:00.000000Z,2022-09-30T23:59:59.000000Z,Kevin,Manual Intervention,Recycle/Patching/Recovery,Recon,PLC,ar515,success,12
2022-09-01T00:00:00.000000Z,2022-09-30T23:59:59.000000Z,Kevin,Batch Job Abends,,Recon,PLC,ac556,success,10
2022-09-01T00:00:00.000000Z,2022-09-30T23:59:59.000000Z,Kevin,Manual Intervention,Reporting,Recon,PLC,ar515,success,80
2022-09-01T00:00:00.000000Z,2022-09-30T23:59:59.000000Z,Kevin,Manual Intervention,Reporting,Recon,PLC,ar515,success,40
2022-09-01T00:00:00.000000Z,2022-09-30T23:59:59.000000Z,Kevin,Manual Intervention,Recycle/Patching/Recovery,Recon,PLC,rdm1,success,44
2022-09-01T00:00:00.000000Z,2022-09-30T23:59:59.000000Z,Kevin,Batch Job Abends,,Recon,PLC,rdm1,success,7.5
2022-09-01T00:00:00.000000Z,2022-09-30T23:59:59.000000Z,Kevin,Manual Intervention,Recycle/Patching/Recovery,Recon,PLC ,ar515,success,40
2022-09-01T00:00:00.000000Z,2022-09-30T23:59:59.000000Z,Kevin,Manual Intervention,Reporting,Recon,PLC/GXM/PLB/PLF,rdm1,success,60
2022-09-01T00:00:00.000000Z,2022-09-30T23:59:59.000000Z,Kevin,Manual Intervention,Recycle/Patching/Recovery,Recon,PLC/GXM/PLB/PLF,ar515,success,40
2022-09-01T00:00:00.000000Z,2022-09-30T23:59:59.000000Z,Kevin,CAAPM - Danger Alerts,CAAPM - Danger Alerts,Recon,PLC/PLB/PLF,ar515,success,5
2022-09-01T00:00:00.000000Z,2022-09-30T23:59:59.000000Z,Kevin,Batch Job Abends,,Recon,PLC/PLB/PLF,ar515,success,10
2022-09-01T00:00:00.000000Z,2022-09-30T23:59:59.000000Z,Kevin,Manual Intervention,manual activity,Recon,PLC/PLB/PLF,ar515,success,6
2022-09-01T00:00:00.000000Z,2022-09-30T23:59:59.000000Z,Kevin,Manual Intervention,manual activity,Recon,PLC/PLB/PLF,ar515,success,22
2022-09-01T00:00:00.000000Z,2022-09-30T23:59:59.000000Z,Kevin,Batch Job Abends,,Recon,PLC/PLB/PLF,ar515,success,6
2022-09-01T00:00:00.000000Z,2022-09-30T23:59:59.000000Z,Kevin,Manual Intervention,Recycle/Patching/Recovery,Recon,PLC/PLB/PLF,ar515,success,60
2022-09-01T00:00:00.000000Z,2022-09-30T23:59:59.000000Z,Kevin,Manual Intervention,Reporting,Recon,PLF,ar515,success,80
2022-09-01T00:00:00.000000Z,2022-09-30T23:59:59.000000Z,Kevin,Manual Intervention,Reporting,Recon,PLF,ar515,success,80
2022-09-01T00:00:00.000000Z,2022-09-30T23:59:59.000000Z,Kevin,Manual Intervention,Recycle/Patching/Recovery,Recon,PLF,ar515,success,40
2022-09-01T00:00:00.000000Z,2022-09-30T23:59:59.000000Z,Kevin,Manual Intervention,manual activity,Recon,PLF,ac556,success,33
2022-09-01T00:00:00.000000Z,2022-09-30T23:59:59.000000Z,Kevin,Manual Intervention,Recycle/Patching/Recovery,Recon,PLF,ar515,success,40
2022-09-01T00:00:00.000000Z,2022-09-30T23:59:59.000000Z,Kevin,Manual Intervention,Reporting,Recon,PLF ,ar515,success,40
2022-09-01T00:00:00.000000Z,2022-09-30T23:59:59.000000Z,Kevin,Manual Intervention,Reporting,Recon,PLF ,ar515,success,40
2022-09-01T00:00:00.000000Z,2022-09-30T23:59:59.000000Z,Kevin,Manual Intervention,Reporting,Recon,PLF ,ar515,success,50
2022-09-01T00:00:00.000000Z,2022-09-30T23:59:59.000000Z,Kevin,Deadlock,,Assets & Pricing,POP,ar515,success,11.5
2022-09-01T00:00:00.000000Z,2022-09-30T23:59:59.000000Z,Kevin,Manual Intervention,Recycle/Patching/Recovery,LTS,PRX,hk3,success,7.5
2022-09-01T00:00:00.000000Z,2022-09-30T23:59:59.000000Z,Kevin,Manual Intervention,Recycle/Patching/Recovery,LTS,PRX,hk3,success,7.5
2022-09-01T00:00:00.000000Z,2022-09-30T23:59:59.000000Z,Kevin,Manual Intervention,Recycle/Patching/Recovery,LTS,PRX,hk3,success,0
2022-09-01T00:00:00.000000Z,2022-09-30T23:59:59.000000Z,Farooq - Corp,Batch Job Abends,,Risk & Compliance,RCS,bk26,success,12
2022-09-01T00:00:00.000000Z,2022-09-30T23:59:59.000000Z,Farooq - Corp,Batch Job Abends,,Risk & Compliance,RCS,bk26,success,1
2022-09-01T00:00:00.000000Z,2022-09-30T23:59:59.000000Z,Farooq - Corp,Manual Intervention,manual activity,Risk & Compliance,RSD,bk26,success,5
2022-09-01T00:00:00.000000Z,2022-09-30T23:59:59.000000Z,Kevin,Batch Job Abends,,Trade,RSE,JZ9,success,20
2022-09-01T00:00:00.000000Z,2022-09-30T23:59:59.000000Z,Kevin,Manual Intervention,Reporting,Recon,RUS,ar515,success,6
2022-09-01T00:00:00.000000Z,2022-09-30T23:59:59.000000Z,Farooq,Manual Intervention,manual activity,Messaging,SNF,nm177,success,44
2022-09-01T00:00:00.000000Z,2022-09-30T23:59:59.000000Z,Farooq,CAAPM - Danger Alerts,CAAPM - Danger Alerts,Fintech,SRA,nm177,success,8.75
2022-09-01T00:00:00.000000Z,2022-09-30T23:59:59.000000Z,Farooq,CAAPM - Danger Alerts,CAAPM - Danger Alerts,Fintech,SRA,nm177,success,5
2022-09-01T00:00:00.000000Z,2022-09-30T23:59:59.000000Z,Kevin,Manual Intervention,manual activity,,TAX,nm177,success,2
2022-09-01T00:00:00.000000Z,2022-09-30T23:59:59.000000Z,Kevin,Manual Intervention,manual activity,Trust Bank Reporting,TBR,ms149,success,25
2022-09-01T00:00:00.000000Z,2022-09-30T23:59:59.000000Z,Kevin,Manual Intervention,Recycle/Patching/Recovery,Recon,TLM (PLC),ar515,success,40
2022-09-01T00:00:00.000000Z,2022-09-30T23:59:59.000000Z,Kevin,Manual Intervention,manual activity,Trade Order,TOE,ac556,success,0
2022-09-01T00:00:00.000000Z,2022-09-30T23:59:59.000000Z,Kevin,Manual Intervention,manual activity,Trade Order,TOE,ac556,success,0
2022-09-01T00:00:00.000000Z,2022-09-30T23:59:59.000000Z,Kevin,Manual Intervention,manual activity,Trade Order,TOE,ac556,success,0
2022-09-01T00:00:00.000000Z,2022-09-30T23:59:59.000000Z,Kevin,Manual Intervention,manual activity,Trade Order,TOE,ac556,success,0
2022-09-01T00:00:00.000000Z,2022-09-30T23:59:59.000000Z,Kevin,Manual Intervention,manual activity,Trade Order,TOE,ac556,success,0
2022-09-01T00:00:00.000000Z,2022-09-30T23:59:59.000000Z,Kevin,Manual Intervention,manual activity,Trade Order,TOE,ac556,success,8
2022-09-01T00:00:00.000000Z,2022-09-30T23:59:59.000000Z,Kevin,Manual Data Updates,,Trade Order,TOE,jz9,success,10
2022-09-01T00:00:00.000000Z,2022-09-30T23:59:59.000000Z,Kevin,Batch Job Abends,,Trade,TRA,jz9,success,23
2022-09-01T00:00:00.000000Z,2022-09-30T23:59:59.000000Z,Kevin,Batch Job Abends,,Trade,TRA,jz9,success,8
2022-09-01T00:00:00.000000Z,2022-09-30T23:59:59.000000Z,Kevin,Batch Job Abends,,Trade,TRA,jz9,success,2
2022-09-01T00:00:00.000000Z,2022-09-30T23:59:59.000000Z,Kevin,Batch Job Abends,,Trade,TRA,jz9,success,2
2022-09-01T00:00:00.000000Z,2022-09-30T23:59:59.000000Z,Kevin,Batch Job Abends,,Trade,TRA,jz9,success,3
2022-09-01T00:00:00.000000Z,2022-09-30T23:59:59.000000Z,Kevin,Batch Job Abends,,Trade,TRA,jz9,success,4
2022-09-01T00:00:00.000000Z,2022-09-30T23:59:59.000000Z,Kevin,Batch Job Abends,,Trade,TRA,jz9,success,2
2022-09-01T00:00:00.000000Z,2022-09-30T23:59:59.000000Z,Kevin,Others,Monitoring,Trade,TRA,ac556,success,1
2022-09-01T00:00:00.000000Z,2022-09-30T23:59:59.000000Z,Kevin,Batch Job Abends,,Trade,TRA,jz9,success,0.5
2022-09-01T00:00:00.000000Z,2022-09-30T23:59:59.000000Z,Kevin,Batch Job Abends,,Trade,TRA,jz9,success,0.5
2022-09-01T00:00:00.000000Z,2022-09-30T23:59:59.000000Z,Kevin,Batch Job Abends,,Trade,TRA,ac556,success,12
2022-09-01T00:00:00.000000Z,2022-09-30T23:59:59.000000Z,Kevin,Batch Job Abends,,Trade,TRC,jz9,success,7
2022-09-01T00:00:00.000000Z,2022-09-30T23:59:59.000000Z,Kevin,Manual Data Updates,,Trade,TRC,jz9,success,5
2022-09-01T00:00:00.000000Z,2022-09-30T23:59:59.000000Z,Kevin,Batch Job Abends,,Trade,TRC,ac556,success,0.5
2022-09-01T00:00:00.000000Z,2022-09-30T23:59:59.000000Z,Farooq - Corp,Batch Job Abends,,,TXX,ac556,success,5
2022-09-01T00:00:00.000000Z,2022-09-30T23:59:59.000000Z,Kevin,Batch Job Abends,,Dataload Domestic,VRP,jc169,success,10
2022-09-01T00:00:00.000000Z,2022-09-30T23:59:59.000000Z,Kevin,Manual Intervention,manual activity,Dataload Domestic,VRP,ac556,success,5
2022-09-01T00:00:00.000000Z,2022-09-30T23:59:59.000000Z,Farooq - Corp,Manual Intervention,manual activity,Enterprise Analytics,WCA,hk3,success,22
2022-09-01T00:00:00.000000Z,2022-09-30T23:59:59.000000Z,Farooq - Corp,Manual Intervention,manual activity,Enterprise Analytics,WCA,hk3,success,2
2022-09-01T00:00:00.000000Z,2022-09-30T23:59:59.000000Z,Farooq,Batch Job Abends,,Cash,WCM,dg18,success,8
2022-09-01T00:00:00.000000Z,2022-09-30T23:59:59.000000Z,Farooq,CAAPM - Danger Alerts,CAAPM - Danger Alerts,Cash,WCM/GCM/PIN,dg18,success,6
2022-09-01T00:00:00.000000Z,2022-09-30T23:59:59.000000Z,Kevin,Manual Intervention,manual activity,Recon,PLB/PLC,ac556,success,10
2022-09-01T00:00:00.000000Z,2022-09-30T23:59:59.000000Z,Kevin,Batch Job Abends,,Recon,PLB/PLC/PLF,ac556,success,15
2022-09-01T00:00:00.000000Z,2022-09-30T23:59:59.000000Z,Farooq - Corp,Batch Job Abends,,Enterprise Analytics,ILA,hk3,success,3
2022-09-01T00:00:00.000000Z,2022-09-30T23:59:59.000000Z,Farooq - Corp,Batch Job Abends,,Enterprise Analytics,ILA,hk3,success,2
2022-09-01T00:00:00.000000Z,2022-09-30T23:59:59.000000Z,Farooq - Corp,Batch Job Abends,,Enterprise Analytics,ILA,hk3,success,2
2022-09-01T00:00:00.000000Z,2022-09-30T23:59:59.000000Z,Farooq - Corp,Batch Job Abends,,Enterprise Analytics,ILA,kn34,success,6
2022-09-01T00:00:00.000000Z,2022-09-30T23:59:59.000000Z,Farooq - Corp,Others,Monitoring,Enterprise Analytics,ILA,kn34,success,20
2022-09-01T00:00:00.000000Z,2022-09-30T23:59:59.000000Z,Farooq - Corp,Manual Intervention,Monitoring,Finance,GFB,ac556,success,3
2022-09-01T00:00:00.000000Z,2022-09-30T23:59:59.000000Z,Farooq - Corp,Batch Job Abends,,Finance,GFB,ac556,success,5
2022-09-01T00:00:00.000000Z,2022-09-30T23:59:59.000000Z,Farooq - Corp,Manual Intervention,Monitoring,,FMZ,ac556,success,3
2022-09-01T00:00:00.000000Z,2022-09-30T23:59:59.000000Z,Farooq - Corp,Batch Job Abends,,EQP-EDW,DIC,ac556,success,5
2022-09-01T00:00:00.000000Z,2022-09-30T23:59:59.000000Z,Farooq - Corp,Batch Job Abends,,EQP-EDW,DIC,ac556,success,5
2022-09-01T00:00:00.000000Z,2022-09-30T23:59:59.000000Z,Farooq - Corp,Batch Job Abends,,EQP-EDW,DIC,ac556,success,5
2022-09-01T00:00:00.000000Z,2022-09-30T23:59:59.000000Z,Farooq - Corp,Batch Job Abends,,EQP-EDW,DIC,ac556,success,2
2022-09-01T00:00:00.000000Z,2022-09-30T23:59:59.000000Z,Farooq - Corp,Batch Job Abends,,EQP-EDW,DIC,ac556,success,1
2022-09-01T00:00:00.000000Z,2022-09-30T23:59:59.000000Z,Farooq - Corp,Batch Job Abends,,EQP-EDW,DIC,ac556,success,2
2022-09-01T00:00:00.000000Z,2022-09-30T23:59:59.000000Z,Farooq - Corp,Batch Job Abends,,EQP-EDW,DIC,ac556,success,1
2022-09-01T00:00:00.000000Z,2022-09-30T23:59:59.000000Z,Farooq - Corp,Batch Job Abends,,EQP-EDW,DIC,ac556,success,1
2022-09-01T00:00:00.000000Z,2022-09-30T23:59:59.000000Z,Farooq,CAAPM - Danger Alerts,CAAPM - Danger Alerts,Fintech,Swift/TXD,kn34,success,6
2022-09-01T00:00:00.000000Z,2022-09-30T23:59:59.000000Z,Kevin ,Manual Intervention,Recycle/Patching/Recovery,Recon,GXM,ac556,success,5
2022-09-01T00:00:00.000000Z,2022-09-30T23:59:59.000000Z,Farooq - Corp,Manual Intervention,manual activity,Enterprise Analytics,COG,ac556,success,3
2022-09-01T00:00:00.000000Z,2022-09-30T23:59:59.000000Z,Farooq - Corp,Manual Intervention,manual activity,Enterprise Analytics,COG,ac556,success,3
2022-09-01T00:00:00.000000Z,2022-09-30T23:59:59.000000Z,Farooq - Corp,Manual Intervention,manual activity,Enterprise Analytics,COG,ac556,success,1
2022-09-01T00:00:00.000000Z,2022-09-30T23:59:59.000000Z,Farooq - Corp,Batch Job Abends,,Enterprise Analytics,ICT,ac556,success,3
2022-09-01T00:00:00.000000Z,2022-09-30T23:59:59.000000Z,Farooq - Corp,Batch Job Abends,,Enterprise Analytics,ICT,ac556,success,3
2022-09-01T00:00:00.000000Z,2022-09-30T23:59:59.000000Z,Farooq - Corp,Batch Job Abends,,Enterprise Analytics,ICT,ac556,success,3
2022-09-01T00:00:00.000000Z,2022-09-30T23:59:59.000000Z,Farooq - Corp,Batch Job Abends,,EPM,EPM,ac556,success,5
2022-09-01T00:00:00.000000Z,2022-09-30T23:59:59.000000Z,Farooq - Corp,Batch Job Abends,,EPM,EPM,ac556,success,5
2022-09-01T00:00:00.000000Z,2022-09-30T23:59:59.000000Z,Farooq - Corp,Batch Job Abends,,EPM,EPM,ac556,success,3
2022-09-01T00:00:00.000000Z,2022-09-30T23:59:59.000000Z,Farooq - Corp,Batch Job Abends,,EPM,EPM,ac556,success,3
2022-09-01T00:00:00.000000Z,2022-09-30T23:59:59.000000Z,Farooq - Corp,Batch Job Abends,,EPM,EPM,ac556,success,3
2022-09-01T00:00:00.000000Z,2022-09-30T23:59:59.000000Z,Farooq - Corp,Batch Job Abends,,EPM,EPM,ac556,success,6
2022-09-01T00:00:00.000000Z,2022-09-30T23:59:59.000000Z,Farooq - Corp,Batch Job Abends,,EPM,EPM,ac556,success,2
2022-09-01T00:00:00.000000Z,2022-09-30T23:59:59.000000Z,Farooq - Corp,Batch Job Abends,,EPM,EPM,ac556,success,5
2022-09-01T00:00:00.000000Z,2022-09-30T23:59:59.000000Z,Farooq - Corp,Batch Job Abends,,EPM,EPM,ac556,success,2
2022-09-01T00:00:00.000000Z,2022-09-30T23:59:59.000000Z,Farooq - Corp,Batch Job Abends,,EPM,EPM,ac556,success,1
2022-09-01T00:00:00.000000Z,2022-09-30T23:59:59.000000Z,Farooq - Corp,Manual Intervention,manual activity,Risk & Compliance,RSD,ac556,success,2
2022-09-01T00:00:00.000000Z,2022-09-30T23:59:59.000000Z,Farooq - Corp,Manual Intervention,manual activity,Risk & Compliance,RSD,ac556,success,2
2022-09-01T00:00:00.000000Z,2022-09-30T23:59:59.000000Z,Farooq - Corp,Batch Job Abends,,ETL/DWH,FGL,ac556,success,2
2022-09-01T00:00:00.000000Z,2022-09-30T23:59:59.000000Z,Farooq - Corp,Manual Intervention,manual activity,ETL/DWH/FGL,ac556,success,3
2022-09-01T00:00:00.000000Z,2022-09-30T23:59:59.000000Z,Farooq - Corp,Batch Job Abends,,ETL/DWH,FGL,ac556,success,3
2022-09-01T00:00:00.000000Z,2022-09-30T23:59:59.000000Z,Farooq - Corp,Batch Job Abends,,ETL/DWH,FGL,ac556,success,4
2022-09-01T00:00:00.000000Z,2022-09-30T23:59:59.000000Z,Farooq - Corp,Batch Job Abends,,ETL/DWH,FGL,ac556,success,2
2022-09-01T00:00:00.000000Z,2022-09-30T23:59:59.000000Z,Farooq - Corp,Batch Job Abends,,ETL/DWH,FGL,ac556,success,2
2022-09-01T00:00:00.000000Z,2022-09-30T23:59:59.000000Z,Farooq - Corp,Batch Job Abends,,ETL/DWH,FGL,ac556,success,2
2022-09-01T00:00:00.000000Z,2022-09-30T23:59:59.000000Z,Farooq - Corp,Batch Job Abends,,Risk & Compliance,PEP,ac556,success,2
2022-09-01T00:00:00.000000Z,2022-09-30T23:59:59.000000Z,Farooq - Corp,Batch Job Abends,,ETL,FIO,ac556,success,1
2022-09-01T00:00:00.000000Z,2022-09-30T23:59:59.000000Z,Farooq - Corp,Batch Job Abends,,Corporate Data,CAD,ac556,success,1
2022-09-01T00:00:00.000000Z,2022-09-30T23:59:59.000000Z,Farooq - Corp,Batch Job Abends,,Corporate Data,CAD,ac556,success,2
2022-09-01T00:00:00.000000Z,2022-09-30T23:59:59.000000Z,Farooq - Corp,Batch Job Abends,,Corporate Data,CAD,ac556,success,2
2022-09-01T00:00:00.000000Z,2022-09-30T23:59:59.000000Z,Farooq - Corp,Batch Job Abends,,Corporate Data,CAD,ac556,success,2
2022-09-01T00:00:00.000000Z,2022-09-30T23:59:59.000000Z,Farooq - Corp,Batch Job Abends,,Corporate Data,CAD,ac556,success,2
2022-09-01T00:00:00.000000Z,2022-09-30T23:59:59.000000Z,Farooq - Corp,Batch Job Abends,,Corporate Data,CAD,ac556,success,1
2022-09-01T00:00:00.000000Z,2022-09-30T23:59:59.000000Z,Farooq - Corp,Batch Job Abends,,Corporate Data,CAD,ac556,success,1
2022-09-01T00:00:00.000000Z,2022-09-30T23:59:59.000000Z,Farooq - Corp,Batch Job Abends,,Corporate Data,CAD,ac556,success,1
2022-09-01T00:00:00.000000Z,2022-09-30T23:59:59.000000Z,Farooq - Corp,Batch Job Abends,,Corporate Data,CAD,ac556,success,1
2022-09-01T00:00:00.000000Z,2022-09-30T23:59:59.000000Z,Farooq - Corp,Batch Job Abends,,Corporate Data,CAD,ac556,success,2
2022-09-01T00:00:00.000000Z,2022-09-30T23:59:59.000000Z,Farooq - Corp,Batch Job Abends,,Corporate Data,CAD,ac556,success,1
2022-09-01T00:00:00.000000Z,2022-09-30T23:59:59.000000Z,Farooq - Corp,Batch Job Abends,,Corporate Data,CAD,ac556,success,1
2022-09-01T00:00:00.000000Z,2022-09-30T23:59:59.000000Z,Farooq - Corp,Batch Job Abends,,Corporate Data,CAD,ac556,success,1
2022-09-01T00:00:00.000000Z,2022-09-30T23:59:59.000000Z,Farooq - Corp,Batch Job Abends,,Corporate Data,CAD,ac556,success,1
2022-09-01T00:00:00.000000Z,2022-09-30T23:59:59.000000Z,Farooq - Corp,Batch Job Abends,,Corporate Data,CAD,ac556,success,1
2022-09-01T00:00:00.000000Z,2022-09-30T23:59:59.000000Z,Farooq - Corp,Batch Job Abends,,Corporate Data,CAD,ac556,success,1
2022-09-01T00:00:00.000000Z,2022-09-30T23:59:59.000000Z,Farooq - Corp,Batch Job Abends,,Corporate Data,CAD,ac556,success,1
2022-09-01T00:00:00.000000Z,2022-09-30T23:59:59.000000Z,Farooq - Corp,Manual Intervention,manual activity,Corporate Data,CAD,ac556,success,2
2022-09-01T00:00:00.000000Z,2022-09-30T23:59:59.000000Z,Farooq - Corp,Batch Job Abends,,Risk & Compliance,CCR,ac556,success,2
2022-09-01T00:00:00.000000Z,2022-09-30T23:59:59.000000Z,Farooq - Corp,Batch Job Abends,,Risk & Compliance,BCW,ac556,success,3
2022-09-01T00:00:00.000000Z,2022-09-30T23:59:59.000000Z,Farooq - Corp,Batch Job Abends,,Risk & Compliance,CCR,ac556,success,2
2022-09-01T00:00:00.000000Z,2022-09-30T23:59:59.000000Z,Farooq - Corp,Batch Job Abends,,Risk & Compliance,CCR,ac556,success,2
2022-09-01T00:00:00.000000Z,2022-09-30T23:59:59.000000Z,Farooq - Corp,Sysadmin,,Risk & Compliance,CCR,ac556,success,3
2022-09-01T00:00:00.000000Z,2022-09-30T23:59:59.000000Z,Farooq - Corp,Batch Job Abends,,Risk & Compliance,CCR,ac556,success,2
2022-09-01T00:00:00.000000Z,2022-09-30T23:59:59.000000Z,Farooq - Corp,Batch Job Abends,,Risk & Compliance,CCR,ac556,success,1
2022-09-01T00:00:00.000000Z,2022-09-30T23:59:59.000000Z,Farooq - Corp,Batch Job Abends,,Risk & Compliance,CCR,ac556,success,2
2022-09-01T00:00:00.000000Z,2022-09-30T23:59:59.000000Z,Farooq - Corp,Batch Job Abends,,Risk & Compliance,CCR,ac556,success,2
2022-09-01T00:00:00.000000Z,2022-09-30T23:59:59.000000Z,Farooq - Corp,Batch Job Abends,,Risk & Compliance,CCR,ac556,success,2
2022-09-01T00:00:00.000000Z,2022-09-30T23:59:59.000000Z,Farooq - Corp,Batch Job Abends,,ETL,RAR,ac556,success,2
2022-09-01T00:00:00.000000Z,2022-09-30T23:59:59.000000Z,Farooq - Corp,Batch Job Abends,,ETL,RAR,ac556,success,2
2022-09-01T00:00:00.000000Z,2022-09-30T23:59:59.000000Z,Farooq - Corp,Batch Job Abends,,EQP-EDW,DMC,ac556,success,8
2022-09-01T00:00:00.000000Z,2022-09-30T23:59:59.000000Z,Farooq - Corp,Batch Job Abends,,Enterprise Analytics,ILA,ac556,success,1
2022-09-01T00:00:00.000000Z,2022-09-30T23:59:59.000000Z,Farooq - Corp,Batch Job Abends,,Corporate Data,ERM,ac556,success,2
2022-09-01T00:00:00.000000Z,2022-09-30T23:59:59.000000Z,Farooq - Corp,Batch Job Abends,,Corporate Data,ERM,ac556,success,5
2022-09-01T00:00:00.000000Z,2022-09-30T23:59:59.000000Z,Farooq - Corp,Batch Job Abends,,Fees,FEP,ac556,success,
2022-09-01T00:00:00.000000Z,2022-09-30T23:59:59.000000Z,Farooq - Corp,Batch Job Abends,,ETL,TIO,ac556,success,2
2022-09-01T00:00:00.000000Z,2022-09-30T23:59:59.000000Z,Farooq - Corp,Manual Intervention,manual activity,Enterprise Analytics,WCA,ac556,success,6
2022-09-01T00:00:00.000000Z,2022-09-30T23:59:59.000000Z,Farooq - Corp,Batch Job Abends,,Enterprise Analytics,WCA,ac556,success,8
2022-09-01T00:00:00.000000Z,2022-09-30T23:59:59.000000Z,Farooq - Corp,Batch Job Abends,,Enterprise Analytics,WCA,ac556,success,2
2022-09-01T00:00:00.000000Z,2022-09-30T23:59:59.000000Z,Farooq - Corp,Batch Job Abends,,Enterprise Analytics,WCA,ac556,success,2
2022-09-01T00:00:00.000000Z,2022-09-30T23:59:59.000000Z,Farooq - Corp,Batch Job Abends,,Enterprise Analytics,WCA,ac556,success,1
2022-09-01T00:00:00.000000Z,2022-09-30T23:59:59.000000Z,Farooq - Corp,Batch Job Abends,,Enterprise Analytics,WCA,ac556,success,2
2022-09-01T00:00:00.000000Z,2022-09-30T23:59:59.000000Z,Farooq - Corp,Batch Job Abends,,Enterprise Analytics,WCA,ac556,success,3
2022-09-01T00:00:00.000000Z,2022-09-30T23:59:59.000000Z,Farooq - Corp,Batch Job Abends,,Finance,GFB,ac556,success,3
2022-09-01T00:00:00.000000Z,2022-09-30T23:59:59.000000Z,Farooq,CAAPM - Danger Alerts,CAAPM - Danger Alerts,Fintech,Swift/TXD,kn34,success,6
2022-09-01T00:00:00.000000Z,2022-09-30T23:59:59.000000Z,Farooq - Corp,Batch Job Abends,,Enterprise Analytics,ILA,ac556,success,3
2022-09-01T00:00:00.000000Z,2022-09-30T23:59:59.000000Z,Farooq - Corp,Batch Job Abends,,Enterprise Analytics,ILA,ac556,success,3
