end,start,name,team_name,owner_email,tla,user_id,run_status,toil_hrs_saved,target
2022-08-08T13:33:38.956504Z,2022-08-08T13:30:51.287244Z,TEMPLATE_WLS_JAVAARCH_CONFIGURATION,IT Eng EMS WLS,it_eng_ems_wls@ntrs.com,  ped, rb504,successful,2,lnadped0002
2022-08-08T13:33:38.956504Z,2022-08-08T13:30:51.287244Z,TEMPLATE_WLS_JAVAARCH_CONFIGURATION,IT Eng EMS WLS,it_eng_ems_wls@ntrs.com,  ped, rb504,successful,2, lnadped0004
2022-08-08T13:33:38.956504Z,2022-08-08T13:30:51.287244Z,TEMPLATE_WLS_JAVAARCH_CONFIGURATION,IT Eng EMS WLS,it_eng_ems_wls@ntrs.com,  ped, rb504,successful,2, lnadped0006
2022-08-09T14:10:28.003038Z,2022-08-09T14:08:32.120242Z,TEMPLATE_WLS_JAVAARCH_CONFIGURATION,IT Eng EMS WLS,it_eng_ems_wls@ntrs.com,  ofe, rb504,successful,2,lnadped0002
2022-08-09T14:10:28.003038Z,2022-08-09T14:08:32.120242Z,TEMPLATE_WLS_JAVAARCH_CONFIGURATION,IT Eng EMS WLS,it_eng_ems_wls@ntrs.com,  ofe, rb504,successful,2, lnadped0004
2022-08-09T14:10:28.003038Z,2022-08-09T14:08:32.120242Z,TEMPLATE_WLS_JAVAARCH_CONFIGURATION,IT Eng EMS WLS,it_eng_ems_wls@ntrs.com,  ofe, rb504,successful,2, lnadped0006
2022-08-09T15:25:29.936994Z,2022-08-09T15:24:11.068665Z,TEMPLATE_WLS_JAVAARCH_CONFIGURATION,IT Eng EMS WLS,it_eng_ems_wls@ntrs.com,  ped, rb504,successful,2,lnadped0008
2022-08-09T15:35:30.177782Z,2022-08-09T15:34:57.217117Z,TEMPLATE_WLS_JAVAARCH_CONFIGURATION,IT Eng EMS WLS,it_eng_ems_wls@ntrs.com,  ems, rb504,successful,2,ut15351
2022-08-10T12:27:45.997173Z,2022-08-10T12:26:08.371018Z,TEMPLATE_WLS_JAVAARCH_CONFIGURATION,IT Eng EMS WLS,it_eng_ems_wls@ntrs.com,  ped, rb504,successful,2,lnadped0008
2022-09-06T15:09:59.420975Z,2022-09-06T15:06:01.818598Z,TEMPLATE_WLS_JAVAARCH_CONFIGURATION,IT Eng EMS WLS,it_eng_ems_wls@ntrs.com,  ped, jr353,successful,2,lnauped0012
2022-09-06T15:09:59.420975Z,2022-09-06T15:06:01.818598Z,TEMPLATE_WLS_JAVAARCH_CONFIGURATION,IT Eng EMS WLS,it_eng_ems_wls@ntrs.com,  ped, jr353,successful,2, lnauped0004
2022-09-06T15:09:59.420975Z,2022-09-06T15:06:01.818598Z,TEMPLATE_WLS_JAVAARCH_CONFIGURATION,IT Eng EMS WLS,it_eng_ems_wls@ntrs.com,  ped, jr353,successful,2, lnauped0008
2022-09-06T15:09:59.420975Z,2022-09-06T15:06:01.818598Z,TEMPLATE_WLS_JAVAARCH_CONFIGURATION,IT Eng EMS WLS,it_eng_ems_wls@ntrs.com,  ped, jr353,successful,2, lnauped0006
2022-09-06T15:09:59.420975Z,2022-09-06T15:06:01.818598Z,TEMPLATE_WLS_JAVAARCH_CONFIGURATION,IT Eng EMS WLS,it_eng_ems_wls@ntrs.com,  ped, jr353,successful,2, lnauped0010
2022-09-06T17:33:02.177246Z,2022-09-06T17:08:30.104683Z,TEMPLATE_WLS_JAVAARCH_CONFIGURATION,IT Eng EMS WLS,it_eng_ems_wls@ntrs.com,  ped, jr353,successful,2,lnapped0001
2022-09-06T17:33:02.177246Z,2022-09-06T17:08:30.104683Z,TEMPLATE_WLS_JAVAARCH_CONFIGURATION,IT Eng EMS WLS,it_eng_ems_wls@ntrs.com,  ped, jr353,successful,2, lnapped0005
2022-09-06T17:33:02.177246Z,2022-09-06T17:08:30.104683Z,TEMPLATE_WLS_JAVAARCH_CONFIGURATION,IT Eng EMS WLS,it_eng_ems_wls@ntrs.com,  ped, jr353,successful,2, lnapped0007
2022-09-06T17:33:02.177246Z,2022-09-06T17:08:30.104683Z,TEMPLATE_WLS_JAVAARCH_CONFIGURATION,IT Eng EMS WLS,it_eng_ems_wls@ntrs.com,  ped, jr353,successful,2, lnapped0003
2022-09-06T18:08:21.724395Z,2022-09-06T18:07:13.471261Z,TEMPLATE_WLS_JAVAARCH_CONFIGURATION,IT Eng EMS WLS,it_eng_ems_wls@ntrs.com,  ped, jr353,successful,2,lnauped0004
2022-09-07T14:37:42.252882Z,2022-09-07T14:35:17.622013Z,TEMPLATE_WLS_JAVAARCH_CONFIGURATION,IT Eng EMS WLS,it_eng_ems_wls@ntrs.com,  ped, jr353,successful,2,lnapped0002
2022-09-07T15:01:40.050646Z,2022-09-07T14:59:17.142501Z,TEMPLATE_WLS_JAVAARCH_CONFIGURATION,IT Eng EMS WLS,it_eng_ems_wls@ntrs.com,  ped, jr353,successful,2,lnauped0016
2022-09-07T15:01:40.050646Z,2022-09-07T14:59:17.142501Z,TEMPLATE_WLS_JAVAARCH_CONFIGURATION,IT Eng EMS WLS,it_eng_ems_wls@ntrs.com,  ped, jr353,successful,2, lnauped0020
2022-09-07T15:38:50.530249Z,2022-09-07T15:37:41.685186Z,TEMPLATE_WLS_JAVAARCH_CONFIGURATION,IT Eng EMS WLS,it_eng_ems_wls@ntrs.com,  ebp, jr353,successful,2,lnauped0004
2022-09-08T17:25:08.250078Z,2022-09-08T17:22:00.732492Z,TEMPLATE_WLS_JAVAARCH_CONFIGURATION,IT Eng EMS WLS,it_eng_ems_wls@ntrs.com,  ofe, jr353,successful,2,lnauofe0010
2022-09-08T17:25:08.250078Z,2022-09-08T17:22:00.732492Z,TEMPLATE_WLS_JAVAARCH_CONFIGURATION,IT Eng EMS WLS,it_eng_ems_wls@ntrs.com,  ofe, jr353,successful,2, lnauofe0014
2022-09-08T17:25:08.250078Z,2022-09-08T17:22:00.732492Z,TEMPLATE_WLS_JAVAARCH_CONFIGURATION,IT Eng EMS WLS,it_eng_ems_wls@ntrs.com,  ofe, jr353,successful,2, lnauofe0008
2022-09-08T17:25:08.250078Z,2022-09-08T17:22:00.732492Z,TEMPLATE_WLS_JAVAARCH_CONFIGURATION,IT Eng EMS WLS,it_eng_ems_wls@ntrs.com,  ofe, jr353,successful,2, lnauofe0006
2022-10-10T15:05:17.224027Z,2022-10-10T15:02:51.374499Z,TEMPLATE_WLS_JAVAARCH_CONFIGURATION,IT Eng EMS WLS,it_eng_ems_wls@ntrs.com,  ile, rb504,successful,2,lnauile0004
