end,start,name,team_name,owner_email,tla,user_id,run_status,toil_hrs_saved,target
2022-07-15T16:20:15.016315Z,2022-07-15T16:19:24.283309Z,TEMPLATE_OSJ_TOMCAT_CONFIGURATION,IT Eng EMS OSJ,it_eng_ems_osj@ntrs.com, tkl, rb504,successful,2,lnautkl0010
2022-07-15T16:26:29.233486Z,2022-07-15T16:23:11.407813Z,TEMPLATE_OSJ_TOMCAT_CONFIGURATION,IT Eng EMS OSJ,it_eng_ems_osj@ntrs.com, tkl, rb504,successful,2,lnautkl0014
2022-07-15T16:26:29.233486Z,2022-07-15T16:23:11.407813Z,TEMPLATE_OSJ_TOMCAT_CONFIGURATION,IT Eng EMS OSJ,it_eng_ems_osj@ntrs.com, tkl, rb504,successful,2, lnautkl0012
2022-07-15T16:26:29.233486Z,2022-07-15T16:23:11.407813Z,TEMPLATE_OSJ_TOMCAT_CONFIGURATION,IT Eng EMS OSJ,it_eng_ems_osj@ntrs.com, tkl, rb504,successful,2, lnautkl0016
2022-08-01T12:46:45.767450Z,2022-08-01T12:44:20.574527Z,TEMPLATE_OSJ_TOMCAT_CONFIGURATION,IT Eng EMS OSJ,it_eng_ems_osj@ntrs.com, ksf, rb504,successful,2,lnauksf0006
2022-08-01T12:46:45.767450Z,2022-08-01T12:44:20.574527Z,TEMPLATE_OSJ_TOMCAT_CONFIGURATION,IT Eng EMS OSJ,it_eng_ems_osj@ntrs.com, ksf, rb504,successful,2, lnauksf0004
2022-08-01T12:46:45.767450Z,2022-08-01T12:44:20.574527Z,TEMPLATE_OSJ_TOMCAT_CONFIGURATION,IT Eng EMS OSJ,it_eng_ems_osj@ntrs.com, ksf, rb504,successful,2, lnauksf0002
2022-08-01T12:46:45.767450Z,2022-08-01T12:44:20.574527Z,TEMPLATE_OSJ_TOMCAT_CONFIGURATION,IT Eng EMS OSJ,it_eng_ems_osj@ntrs.com, ksf, rb504,successful,2, lnauksf0008
2022-08-01T15:49:50.480838Z,2022-08-01T15:46:27.545982Z,TEMPLATE_OSJ_TOMCAT_CONFIGURATION,IT Eng EMS OSJ,it_eng_ems_osj@ntrs.com, ksf, rb504,successful,2,lnauksf0010
2022-08-01T15:49:50.480838Z,2022-08-01T15:46:27.545982Z,TEMPLATE_OSJ_TOMCAT_CONFIGURATION,IT Eng EMS OSJ,it_eng_ems_osj@ntrs.com, ksf, rb504,successful,2, lnauksf0014
2022-08-01T15:49:50.480838Z,2022-08-01T15:46:27.545982Z,TEMPLATE_OSJ_TOMCAT_CONFIGURATION,IT Eng EMS OSJ,it_eng_ems_osj@ntrs.com, ksf, rb504,successful,2, lnauksf0012
2022-08-01T15:49:50.480838Z,2022-08-01T15:46:27.545982Z,TEMPLATE_OSJ_TOMCAT_CONFIGURATION,IT Eng EMS OSJ,it_eng_ems_osj@ntrs.com, ksf, rb504,successful,2, lnauksf0016
2022-08-01T15:58:23.178673Z,2022-08-01T15:54:56.534061Z,TEMPLATE_OSJ_TOMCAT_CONFIGURATION,IT Eng EMS OSJ,it_eng_ems_osj@ntrs.com, ksf, rb504,successful,2,lnauksf0022
2022-08-01T15:58:23.178673Z,2022-08-01T15:54:56.534061Z,TEMPLATE_OSJ_TOMCAT_CONFIGURATION,IT Eng EMS OSJ,it_eng_ems_osj@ntrs.com, ksf, rb504,successful,2, lnauksf0018
2022-08-01T15:58:23.178673Z,2022-08-01T15:54:56.534061Z,TEMPLATE_OSJ_TOMCAT_CONFIGURATION,IT Eng EMS OSJ,it_eng_ems_osj@ntrs.com, ksf, rb504,successful,2, lnauksf0020
2022-08-01T15:58:23.178673Z,2022-08-01T15:54:56.534061Z,TEMPLATE_OSJ_TOMCAT_CONFIGURATION,IT Eng EMS OSJ,it_eng_ems_osj@ntrs.com, ksf, rb504,successful,2, lnauksf0024
2022-08-01T16:04:14.651217Z,2022-08-01T16:00:58.956340Z,TEMPLATE_OSJ_TOMCAT_CONFIGURATION,IT Eng EMS OSJ,it_eng_ems_osj@ntrs.com, ksf, rb504,successful,2,lnauksf0032
2022-08-01T16:04:14.651217Z,2022-08-01T16:00:58.956340Z,TEMPLATE_OSJ_TOMCAT_CONFIGURATION,IT Eng EMS OSJ,it_eng_ems_osj@ntrs.com, ksf, rb504,successful,2, lnauksf0030
2022-08-01T16:04:14.651217Z,2022-08-01T16:00:58.956340Z,TEMPLATE_OSJ_TOMCAT_CONFIGURATION,IT Eng EMS OSJ,it_eng_ems_osj@ntrs.com, ksf, rb504,successful,2, lnauksf0028
2022-08-01T16:04:14.651217Z,2022-08-01T16:00:58.956340Z,TEMPLATE_OSJ_TOMCAT_CONFIGURATION,IT Eng EMS OSJ,it_eng_ems_osj@ntrs.com, ksf, rb504,successful,2, lnauksf0026
2022-08-01T16:36:43.028043Z,2022-08-01T16:33:36.063475Z,TEMPLATE_OSJ_TOMCAT_CONFIGURATION,IT Eng EMS OSJ,it_eng_ems_osj@ntrs.com, ksf, rb504,successful,2,lnauksf0044
2022-08-01T16:36:43.028043Z,2022-08-01T16:33:36.063475Z,TEMPLATE_OSJ_TOMCAT_CONFIGURATION,IT Eng EMS OSJ,it_eng_ems_osj@ntrs.com, ksf, rb504,successful,2, lnauksf0048
2022-08-01T16:36:43.028043Z,2022-08-01T16:33:36.063475Z,TEMPLATE_OSJ_TOMCAT_CONFIGURATION,IT Eng EMS OSJ,it_eng_ems_osj@ntrs.com, ksf, rb504,successful,2, lnauksf0042
2022-08-01T16:36:43.028043Z,2022-08-01T16:33:36.063475Z,TEMPLATE_OSJ_TOMCAT_CONFIGURATION,IT Eng EMS OSJ,it_eng_ems_osj@ntrs.com, ksf, rb504,successful,2, lnauksf0046
2022-08-02T10:08:09.760683Z,2022-08-02T10:05:58.421303Z,TEMPLATE_OSJ_TOMCAT_CONFIGURATION,IT Eng EMS OSJ,it_eng_ems_osj@ntrs.com, ksf, rb504,successful,2,lnauksf0034 
2022-08-03T07:57:23.273049Z,2022-08-03T07:54:16.723156Z,TEMPLATE_OSJ_TOMCAT_CONFIGURATION,IT Eng EMS OSJ,it_eng_ems_osj@ntrs.com, tkl, rb504,successful,2, lnaptkl0001
2022-08-03T07:57:23.273049Z,2022-08-03T07:54:16.723156Z,TEMPLATE_OSJ_TOMCAT_CONFIGURATION,IT Eng EMS OSJ,it_eng_ems_osj@ntrs.com, tkl, rb504,successful,2,lnaptkl0003
2022-08-03T07:57:23.273049Z,2022-08-03T07:54:16.723156Z,TEMPLATE_OSJ_TOMCAT_CONFIGURATION,IT Eng EMS OSJ,it_eng_ems_osj@ntrs.com, tkl, rb504,successful,2, lnaptkl0007
2022-08-03T07:57:23.273049Z,2022-08-03T07:54:16.723156Z,TEMPLATE_OSJ_TOMCAT_CONFIGURATION,IT Eng EMS OSJ,it_eng_ems_osj@ntrs.com, tkl, rb504,successful,2, lnaptkl0005
2022-08-03T08:26:27.734777Z,2022-08-03T08:21:57.939514Z,TEMPLATE_OSJ_TOMCAT_CONFIGURATION,IT Eng EMS OSJ,it_eng_ems_osj@ntrs.com, ksf, rb504,successful,2,lnapksf0006
2022-08-03T08:26:27.734777Z,2022-08-03T08:21:57.939514Z,TEMPLATE_OSJ_TOMCAT_CONFIGURATION,IT Eng EMS OSJ,it_eng_ems_osj@ntrs.com, ksf, rb504,successful,2, lnapksf0002
2022-08-03T08:26:27.734777Z,2022-08-03T08:21:57.939514Z,TEMPLATE_OSJ_TOMCAT_CONFIGURATION,IT Eng EMS OSJ,it_eng_ems_osj@ntrs.com, ksf, rb504,successful,2, lnapksf0004
2022-08-03T08:26:27.734777Z,2022-08-03T08:21:57.939514Z,TEMPLATE_OSJ_TOMCAT_CONFIGURATION,IT Eng EMS OSJ,it_eng_ems_osj@ntrs.com, ksf, rb504,successful,2, lnapksf0008
2022-08-03T08:46:37.610020Z,2022-08-03T08:43:35.117009Z,TEMPLATE_OSJ_TOMCAT_CONFIGURATION,IT Eng EMS OSJ,it_eng_ems_osj@ntrs.com, ksf, rb504,successful,2,lnapksf0003
2022-08-03T08:46:37.610020Z,2022-08-03T08:43:35.117009Z,TEMPLATE_OSJ_TOMCAT_CONFIGURATION,IT Eng EMS OSJ,it_eng_ems_osj@ntrs.com, ksf, rb504,successful,2, lnapksf0007
2022-08-03T08:46:37.610020Z,2022-08-03T08:43:35.117009Z,TEMPLATE_OSJ_TOMCAT_CONFIGURATION,IT Eng EMS OSJ,it_eng_ems_osj@ntrs.com, ksf, rb504,successful,2, lnapksf0001
2022-08-03T08:46:37.610020Z,2022-08-03T08:43:35.117009Z,TEMPLATE_OSJ_TOMCAT_CONFIGURATION,IT Eng EMS OSJ,it_eng_ems_osj@ntrs.com, ksf, rb504,successful,2, lnapksf0005
2022-08-03T09:12:43.745618Z,2022-08-03T09:10:21.655696Z,TEMPLATE_OSJ_TOMCAT_CONFIGURATION,IT Eng EMS OSJ,it_eng_ems_osj@ntrs.com, cmh, rb504,successful,2,lnadksf0002
2022-08-03T09:33:17.216565Z,2022-08-03T09:30:00.617595Z,TEMPLATE_OSJ_TOMCAT_CONFIGURATION,IT Eng EMS OSJ,it_eng_ems_osj@ntrs.com, cmh, rb504,successful,2,lnadksf0006
2022-08-03T09:33:17.216565Z,2022-08-03T09:30:00.617595Z,TEMPLATE_OSJ_TOMCAT_CONFIGURATION,IT Eng EMS OSJ,it_eng_ems_osj@ntrs.com, cmh, rb504,successful,2,lnadksf0008
2022-08-03T09:41:06.699581Z,2022-08-03T09:40:01.018689Z,TEMPLATE_OSJ_TOMCAT_CONFIGURATION,IT Eng EMS OSJ,it_eng_ems_osj@ntrs.com, nfp, rb504,successful,2,lnadksf0006
2022-08-03T09:41:06.699581Z,2022-08-03T09:40:01.018689Z,TEMPLATE_OSJ_TOMCAT_CONFIGURATION,IT Eng EMS OSJ,it_eng_ems_osj@ntrs.com, nfp, rb504,successful,2,lnadksf0008
2022-08-03T17:51:42.725420Z,2022-08-03T17:49:23.871127Z,TEMPLATE_OSJ_TOMCAT_CONFIGURATION,IT Eng EMS OSJ,it_eng_ems_osj@ntrs.com, tkl, rb504,successful,2,lnaptkl0002 
2022-08-08T14:21:18.839997Z,2022-08-08T14:19:36.268035Z,TEMPLATE_OSJ_TOMCAT_CONFIGURATION,IT Eng EMS OSJ,it_eng_ems_osj@ntrs.com, cmh, rb504,successful,2,lnadksf0002
2022-08-08T15:10:24.113291Z,2022-08-08T15:08:40.898786Z,TEMPLATE_OSJ_TOMCAT_CONFIGURATION,IT Eng EMS OSJ,it_eng_ems_osj@ntrs.com, cmh, rb504,successful,2,lnadksf0002
2022-08-12T16:28:14.968385Z,2022-08-12T16:24:55.258532Z,TEMPLATE_OSJ_TOMCAT_CONFIGURATION,IT Eng EMS OSJ,it_eng_ems_osj@ntrs.com, nfp, rb504,successful,2,lnaunfp0002
2022-08-12T16:28:14.968385Z,2022-08-12T16:24:55.258532Z,TEMPLATE_OSJ_TOMCAT_CONFIGURATION,IT Eng EMS OSJ,it_eng_ems_osj@ntrs.com, nfp, rb504,successful,2, lnaunfp0004
2022-08-12T16:28:14.968385Z,2022-08-12T16:24:55.258532Z,TEMPLATE_OSJ_TOMCAT_CONFIGURATION,IT Eng EMS OSJ,it_eng_ems_osj@ntrs.com, nfp, rb504,successful,2, lnaunfp0006
2022-08-12T16:28:14.968385Z,2022-08-12T16:24:55.258532Z,TEMPLATE_OSJ_TOMCAT_CONFIGURATION,IT Eng EMS OSJ,it_eng_ems_osj@ntrs.com, nfp, rb504,successful,2, lnaunfp0008
2022-08-16T15:37:47.824519Z,2022-08-16T15:35:35.401641Z,TEMPLATE_OSJ_TOMCAT_CONFIGURATION,IT Eng EMS OSJ,it_eng_ems_osj@ntrs.com, cmh, jr353,successful,2,lnaucmh0010
2022-08-16T15:37:47.824519Z,2022-08-16T15:35:35.401641Z,TEMPLATE_OSJ_TOMCAT_CONFIGURATION,IT Eng EMS OSJ,it_eng_ems_osj@ntrs.com, cmh, jr353,successful,2, lnaucmh0012
2022-08-16T15:55:24.696545Z,2022-08-16T15:53:09.415704Z,TEMPLATE_OSJ_TOMCAT_CONFIGURATION,IT Eng EMS OSJ,it_eng_ems_osj@ntrs.com, cmh, jr353,successful,2,lnapcmh0001
2022-08-16T15:55:24.696545Z,2022-08-16T15:53:09.415704Z,TEMPLATE_OSJ_TOMCAT_CONFIGURATION,IT Eng EMS OSJ,it_eng_ems_osj@ntrs.com, cmh, jr353,successful,2, lnapcmh0003
2022-09-02T14:51:45.813270Z,2022-09-02T14:47:46.820086Z,TEMPLATE_OSJ_TOMCAT_CONFIGURATION,IT Eng EMS OSJ,it_eng_ems_osj@ntrs.com, cmh, jr353,successful,2,lnapcmh0004
2022-09-02T14:51:45.813270Z,2022-09-02T14:47:46.820086Z,TEMPLATE_OSJ_TOMCAT_CONFIGURATION,IT Eng EMS OSJ,it_eng_ems_osj@ntrs.com, cmh, jr353,successful,2, lnapcmh0002
2022-09-05T16:00:28.394663Z,2022-09-05T15:55:25.109329Z,TEMPLATE_OSJ_TOMCAT_CONFIGURATION,IT Eng EMS OSJ,it_eng_ems_osj@ntrs.com, gch, jr353,successful,2,lnaugch0006
2022-09-05T16:00:28.394663Z,2022-09-05T15:55:25.109329Z,TEMPLATE_OSJ_TOMCAT_CONFIGURATION,IT Eng EMS OSJ,it_eng_ems_osj@ntrs.com, gch, jr353,successful,2, lnaugch0002
2022-09-05T16:00:28.394663Z,2022-09-05T15:55:25.109329Z,TEMPLATE_OSJ_TOMCAT_CONFIGURATION,IT Eng EMS OSJ,it_eng_ems_osj@ntrs.com, gch, jr353,successful,2, lnaugch0004
2022-09-05T16:00:28.394663Z,2022-09-05T15:55:25.109329Z,TEMPLATE_OSJ_TOMCAT_CONFIGURATION,IT Eng EMS OSJ,it_eng_ems_osj@ntrs.com, gch, jr353,successful,2, lnaugch0008
2022-09-05T16:34:36.258766Z,2022-09-05T16:30:06.161331Z,TEMPLATE_OSJ_TOMCAT_CONFIGURATION,IT Eng EMS OSJ,it_eng_ems_osj@ntrs.com, gch, jr353,successful,2,lnaugch0016
2022-09-05T16:34:36.258766Z,2022-09-05T16:30:06.161331Z,TEMPLATE_OSJ_TOMCAT_CONFIGURATION,IT Eng EMS OSJ,it_eng_ems_osj@ntrs.com, gch, jr353,successful,2, lnaugch0014
2022-09-05T16:34:36.258766Z,2022-09-05T16:30:06.161331Z,TEMPLATE_OSJ_TOMCAT_CONFIGURATION,IT Eng EMS OSJ,it_eng_ems_osj@ntrs.com, gch, jr353,successful,2, lnaugch0012
2022-09-05T16:34:36.258766Z,2022-09-05T16:30:06.161331Z,TEMPLATE_OSJ_TOMCAT_CONFIGURATION,IT Eng EMS OSJ,it_eng_ems_osj@ntrs.com, gch, jr353,successful,2, lnaugch0010
2022-09-05T17:26:50.913317Z,2022-09-05T17:22:33.906435Z,TEMPLATE_OSJ_TOMCAT_CONFIGURATION,IT Eng EMS OSJ,it_eng_ems_osj@ntrs.com, gch, jr353,successful,2,lnaugch0020
2022-09-05T17:26:50.913317Z,2022-09-05T17:22:33.906435Z,TEMPLATE_OSJ_TOMCAT_CONFIGURATION,IT Eng EMS OSJ,it_eng_ems_osj@ntrs.com, gch, jr353,successful,2, lnaugch0024
2022-09-05T17:26:50.913317Z,2022-09-05T17:22:33.906435Z,TEMPLATE_OSJ_TOMCAT_CONFIGURATION,IT Eng EMS OSJ,it_eng_ems_osj@ntrs.com, gch, jr353,successful,2, lnaugch0018
2022-09-05T17:26:50.913317Z,2022-09-05T17:22:33.906435Z,TEMPLATE_OSJ_TOMCAT_CONFIGURATION,IT Eng EMS OSJ,it_eng_ems_osj@ntrs.com, gch, jr353,successful,2, lnaugch0022
2022-09-05T19:22:39.991249Z,2022-09-05T19:17:15.360107Z,TEMPLATE_OSJ_TOMCAT_CONFIGURATION,IT Eng EMS OSJ,it_eng_ems_osj@ntrs.com, bch, jr353,successful,2,lnaubch0004
2022-09-05T19:22:39.991249Z,2022-09-05T19:17:15.360107Z,TEMPLATE_OSJ_TOMCAT_CONFIGURATION,IT Eng EMS OSJ,it_eng_ems_osj@ntrs.com, bch, jr353,successful,2, lnaubch0006
2022-09-05T19:22:39.991249Z,2022-09-05T19:17:15.360107Z,TEMPLATE_OSJ_TOMCAT_CONFIGURATION,IT Eng EMS OSJ,it_eng_ems_osj@ntrs.com, bch, jr353,successful,2, lnaubch0002
2022-09-05T19:22:39.991249Z,2022-09-05T19:17:15.360107Z,TEMPLATE_OSJ_TOMCAT_CONFIGURATION,IT Eng EMS OSJ,it_eng_ems_osj@ntrs.com, bch, jr353,successful,2, lnaubch0008
2022-09-05T20:12:08.319823Z,2022-09-05T20:07:48.971955Z,TEMPLATE_OSJ_TOMCAT_CONFIGURATION,IT Eng EMS OSJ,it_eng_ems_osj@ntrs.com, bch, jr353,successful,2,lnaubch0024
2022-09-05T20:12:08.319823Z,2022-09-05T20:07:48.971955Z,TEMPLATE_OSJ_TOMCAT_CONFIGURATION,IT Eng EMS OSJ,it_eng_ems_osj@ntrs.com, bch, jr353,successful,2, lnaubch0020
2022-09-05T20:12:08.319823Z,2022-09-05T20:07:48.971955Z,TEMPLATE_OSJ_TOMCAT_CONFIGURATION,IT Eng EMS OSJ,it_eng_ems_osj@ntrs.com, bch, jr353,successful,2, lnaubch0018
2022-09-05T20:12:08.319823Z,2022-09-05T20:07:48.971955Z,TEMPLATE_OSJ_TOMCAT_CONFIGURATION,IT Eng EMS OSJ,it_eng_ems_osj@ntrs.com, bch, jr353,successful,2, lnaubch0022
2022-09-06T21:59:45.387085Z,2022-09-06T21:58:43.547089Z,TEMPLATE_OSJ_TOMCAT_CONFIGURATION,IT Eng EMS OSJ,it_eng_ems_osj@ntrs.com, nrm, jr353,successful,2,lnadksf0002
2022-09-07T14:26:56.906869Z,2022-09-07T14:26:06.283967Z,TEMPLATE_OSJ_TOMCAT_CONFIGURATION,IT Eng EMS OSJ,it_eng_ems_osj@ntrs.com, nrm, jr353,successful,2,lnadksf0002
2022-09-07T14:52:04.957360Z,2022-09-07T14:46:42.715422Z,TEMPLATE_OSJ_TOMCAT_CONFIGURATION,IT Eng EMS OSJ,it_eng_ems_osj@ntrs.com, bch, jr353,successful,2,lnaubch0028
2022-09-07T14:52:04.957360Z,2022-09-07T14:46:42.715422Z,TEMPLATE_OSJ_TOMCAT_CONFIGURATION,IT Eng EMS OSJ,it_eng_ems_osj@ntrs.com, bch, jr353,successful,2, lnaubch0026
2022-09-07T16:03:23.667667Z,2022-09-07T15:58:53.720751Z,TEMPLATE_OSJ_TOMCAT_CONFIGURATION,IT Eng EMS OSJ,it_eng_ems_osj@ntrs.com, nfp, jr353,successful,2,lnapnfp0006
2022-09-07T16:03:23.667667Z,2022-09-07T15:58:53.720751Z,TEMPLATE_OSJ_TOMCAT_CONFIGURATION,IT Eng EMS OSJ,it_eng_ems_osj@ntrs.com, nfp, jr353,successful,2, lnapnfp0008
2022-09-07T16:03:23.667667Z,2022-09-07T15:58:53.720751Z,TEMPLATE_OSJ_TOMCAT_CONFIGURATION,IT Eng EMS OSJ,it_eng_ems_osj@ntrs.com, nfp, jr353,successful,2, lnapnfp0004
2022-09-07T16:03:23.667667Z,2022-09-07T15:58:53.720751Z,TEMPLATE_OSJ_TOMCAT_CONFIGURATION,IT Eng EMS OSJ,it_eng_ems_osj@ntrs.com, nfp, jr353,successful,2, lnapnfp0002
2022-09-07T17:17:19.778887Z,2022-09-07T17:13:28.357392Z,TEMPLATE_OSJ_TOMCAT_CONFIGURATION,IT Eng EMS OSJ,it_eng_ems_osj@ntrs.com, nfp, jr353,successful,2,lnapnfp0003
2022-09-07T17:17:19.778887Z,2022-09-07T17:13:28.357392Z,TEMPLATE_OSJ_TOMCAT_CONFIGURATION,IT Eng EMS OSJ,it_eng_ems_osj@ntrs.com, nfp, jr353,successful,2, lnapnfp0007
2022-09-07T17:17:19.778887Z,2022-09-07T17:13:28.357392Z,TEMPLATE_OSJ_TOMCAT_CONFIGURATION,IT Eng EMS OSJ,it_eng_ems_osj@ntrs.com, nfp, jr353,successful,2, lnapnfp0001
2022-09-07T17:17:19.778887Z,2022-09-07T17:13:28.357392Z,TEMPLATE_OSJ_TOMCAT_CONFIGURATION,IT Eng EMS OSJ,it_eng_ems_osj@ntrs.com, nfp, jr353,successful,2, lnapnfp0005
2022-09-07T18:23:26.141109Z,2022-09-07T18:20:16.253526Z,TEMPLATE_OSJ_TOMCAT_CONFIGURATION,IT Eng EMS OSJ,it_eng_ems_osj@ntrs.com, bch, jr353,successful,2,lnaubch0010
2022-09-09T08:04:56.554155Z,2022-09-09T08:02:15.899395Z,TEMPLATE_OSJ_TOMCAT_CONFIGURATION,IT Eng EMS OSJ,it_eng_ems_osj@ntrs.com, bch, rb504,successful,2,lnaubch0002
2022-09-09T08:10:06.187034Z,2022-09-09T08:07:21.712902Z,TEMPLATE_OSJ_TOMCAT_CONFIGURATION,IT Eng EMS OSJ,it_eng_ems_osj@ntrs.com, bch, rb504,successful,2,lnaubch0002
2022-09-09T09:56:32.163214Z,2022-09-09T09:53:58.246410Z,TEMPLATE_OSJ_TOMCAT_CONFIGURATION,IT Eng EMS OSJ,it_eng_ems_osj@ntrs.com, bch, rb504,successful,2,lnaubch0002
2022-09-09T10:01:05.820132Z,2022-09-09T09:58:28.117268Z,TEMPLATE_OSJ_TOMCAT_CONFIGURATION,IT Eng EMS OSJ,it_eng_ems_osj@ntrs.com, bch, rb504,successful,2,lnaubch0002
2022-09-09T11:05:51.005856Z,2022-09-09T11:02:45.831364Z,TEMPLATE_OSJ_TOMCAT_CONFIGURATION,IT Eng EMS OSJ,it_eng_ems_osj@ntrs.com, bch, rb504,successful,2,lnaubch0016
2022-09-09T11:05:51.005856Z,2022-09-09T11:02:45.831364Z,TEMPLATE_OSJ_TOMCAT_CONFIGURATION,IT Eng EMS OSJ,it_eng_ems_osj@ntrs.com, bch, rb504,successful,2, lnaubch0014
2022-09-09T11:05:51.005856Z,2022-09-09T11:02:45.831364Z,TEMPLATE_OSJ_TOMCAT_CONFIGURATION,IT Eng EMS OSJ,it_eng_ems_osj@ntrs.com, bch, rb504,successful,2, lnaubch0012
2022-09-09T11:05:51.005856Z,2022-09-09T11:02:45.831364Z,TEMPLATE_OSJ_TOMCAT_CONFIGURATION,IT Eng EMS OSJ,it_eng_ems_osj@ntrs.com, bch, rb504,successful,2, lnaubch0010
2022-09-09T11:16:35.338236Z,2022-09-09T11:13:32.856221Z,TEMPLATE_OSJ_TOMCAT_CONFIGURATION,IT Eng EMS OSJ,it_eng_ems_osj@ntrs.com, bch, rb504,successful,2,lnaubch0022
2022-09-09T11:16:35.338236Z,2022-09-09T11:13:32.856221Z,TEMPLATE_OSJ_TOMCAT_CONFIGURATION,IT Eng EMS OSJ,it_eng_ems_osj@ntrs.com, bch, rb504,successful,2, lnaubch0018
2022-09-09T11:16:35.338236Z,2022-09-09T11:13:32.856221Z,TEMPLATE_OSJ_TOMCAT_CONFIGURATION,IT Eng EMS OSJ,it_eng_ems_osj@ntrs.com, bch, rb504,successful,2, lnaubch0020
2022-09-09T11:16:35.338236Z,2022-09-09T11:13:32.856221Z,TEMPLATE_OSJ_TOMCAT_CONFIGURATION,IT Eng EMS OSJ,it_eng_ems_osj@ntrs.com, bch, rb504,successful,2, lnaubch0024
2022-09-09T11:22:01.222913Z,2022-09-09T11:18:56.090723Z,TEMPLATE_OSJ_TOMCAT_CONFIGURATION,IT Eng EMS OSJ,it_eng_ems_osj@ntrs.com, bch, rb504,successful,2,lnaubch0028
2022-09-09T11:22:01.222913Z,2022-09-09T11:18:56.090723Z,TEMPLATE_OSJ_TOMCAT_CONFIGURATION,IT Eng EMS OSJ,it_eng_ems_osj@ntrs.com, bch, rb504,successful,2, lnaubch0026
2022-09-09T11:36:31.896735Z,2022-09-09T11:33:31.483629Z,TEMPLATE_OSJ_TOMCAT_CONFIGURATION,IT Eng EMS OSJ,it_eng_ems_osj@ntrs.com, gch, rb504,successful,2,lnaugch0010
2022-09-09T11:36:31.896735Z,2022-09-09T11:33:31.483629Z,TEMPLATE_OSJ_TOMCAT_CONFIGURATION,IT Eng EMS OSJ,it_eng_ems_osj@ntrs.com, gch, rb504,successful,2, lnaugch0016
2022-09-09T11:36:31.896735Z,2022-09-09T11:33:31.483629Z,TEMPLATE_OSJ_TOMCAT_CONFIGURATION,IT Eng EMS OSJ,it_eng_ems_osj@ntrs.com, gch, rb504,successful,2, lnaugch0012
2022-09-09T11:36:31.896735Z,2022-09-09T11:33:31.483629Z,TEMPLATE_OSJ_TOMCAT_CONFIGURATION,IT Eng EMS OSJ,it_eng_ems_osj@ntrs.com, gch, rb504,successful,2, lnaugch0014
2022-09-09T11:42:45.121779Z,2022-09-09T11:39:40.166965Z,TEMPLATE_OSJ_TOMCAT_CONFIGURATION,IT Eng EMS OSJ,it_eng_ems_osj@ntrs.com, gch, rb504,successful,2,lnaugch0024
2022-09-09T11:42:45.121779Z,2022-09-09T11:39:40.166965Z,TEMPLATE_OSJ_TOMCAT_CONFIGURATION,IT Eng EMS OSJ,it_eng_ems_osj@ntrs.com, gch, rb504,successful,2, lnaugch0020
2022-09-09T11:42:45.121779Z,2022-09-09T11:39:40.166965Z,TEMPLATE_OSJ_TOMCAT_CONFIGURATION,IT Eng EMS OSJ,it_eng_ems_osj@ntrs.com, gch, rb504,successful,2, lnaugch0018
2022-09-09T11:42:45.121779Z,2022-09-09T11:39:40.166965Z,TEMPLATE_OSJ_TOMCAT_CONFIGURATION,IT Eng EMS OSJ,it_eng_ems_osj@ntrs.com, gch, rb504,successful,2, lnaugch0022
2022-09-13T15:02:13.664255Z,2022-09-13T14:59:10.882039Z,TEMPLATE_OSJ_TOMCAT_CONFIGURATION,IT Eng EMS OSJ,it_eng_ems_osj@ntrs.com, gch, jr353,successful,2,lnaugch0002
2022-09-13T15:02:13.664255Z,2022-09-13T14:59:10.882039Z,TEMPLATE_OSJ_TOMCAT_CONFIGURATION,IT Eng EMS OSJ,it_eng_ems_osj@ntrs.com, gch, jr353,successful,2, lnaugch0006
2022-09-13T15:02:13.664255Z,2022-09-13T14:59:10.882039Z,TEMPLATE_OSJ_TOMCAT_CONFIGURATION,IT Eng EMS OSJ,it_eng_ems_osj@ntrs.com, gch, jr353,successful,2, lnaugch0008
2022-09-13T15:02:13.664255Z,2022-09-13T14:59:10.882039Z,TEMPLATE_OSJ_TOMCAT_CONFIGURATION,IT Eng EMS OSJ,it_eng_ems_osj@ntrs.com, gch, jr353,successful,2, lnaugch0004
2022-09-13T16:26:20.680729Z,2022-09-13T16:23:12.456158Z,TEMPLATE_OSJ_TOMCAT_CONFIGURATION,IT Eng EMS OSJ,it_eng_ems_osj@ntrs.com, bch, jr353,successful,2,lnaubch0002
2022-09-13T16:26:20.680729Z,2022-09-13T16:23:12.456158Z,TEMPLATE_OSJ_TOMCAT_CONFIGURATION,IT Eng EMS OSJ,it_eng_ems_osj@ntrs.com, bch, jr353,successful,2, lnaubch0004
2022-09-13T16:26:20.680729Z,2022-09-13T16:23:12.456158Z,TEMPLATE_OSJ_TOMCAT_CONFIGURATION,IT Eng EMS OSJ,it_eng_ems_osj@ntrs.com, bch, jr353,successful,2, lnaubch0006
2022-09-13T16:26:20.680729Z,2022-09-13T16:23:12.456158Z,TEMPLATE_OSJ_TOMCAT_CONFIGURATION,IT Eng EMS OSJ,it_eng_ems_osj@ntrs.com, bch, jr353,successful,2, lnaubch0008
