start,end,name,target,run_status,team_name,owner_email,tla,toil_hrs_saved
2022-06-01T00:00:00.000000Z,2022-06-30T23:59:59.000000Z,UNIX CPU UTILIZATION SOLUTION,INC,success,Unix(Wipro),sb827@ntrs.com,UXL,1204
2022-06-01T00:00:00.000000Z,2022-06-30T23:59:59.000000Z,UNIX HOST NOT REPORTING TO PANDORA,INC,success,Unix(Wipro),sb827@ntrs.com,UXL,89
2022-06-01T00:00:00.000000Z,2022-06-30T23:59:59.000000Z,UNIX MEM UTILIZATION SOLUTION,INC,success,Unix(Wipro),sb827@ntrs.com,UXL,889
2022-06-01T00:00:00.000000Z,2022-06-30T23:59:59.000000Z,UNIX CHECK HOST ALIVE,INC,success,Unix(Wipro),sb827@ntrs.com,UXL,896
2022-06-01T00:00:00.000000Z,2022-06-30T23:59:59.000000Z,UNIX INOD SOLUTION ALERT,INC,success,Unix(Wipro),sb827@ntrs.com,UXL,19
2022-06-01T00:00:00.000000Z,2022-06-30T23:59:59.000000Z,UNIX IDM STASK USECASE,STASK,success,Unix(Wipro),sb827@ntrs.com,UXL,224
2022-06-01T00:00:00.000000Z,2022-06-30T23:59:59.000000Z,UNIX LOW DISK UTILIZATION,INC,success,Unix(Wipro),sb827@ntrs.com,UXL,838
2022-06-01T00:00:00.000000Z,2022-06-30T23:59:59.000000Z,NETWORK BGP DOWN USE CASE,INC,success,Network(Wipro),sb827@ntrs.com,WAN,85
2022-06-01T00:00:00.000000Z,2022-06-30T23:59:59.000000Z,NETWORK CPU UTILIZATION,INC,success,Network(Wipro),sb827@ntrs.com,WAN,28
2022-06-01T00:00:00.000000Z,2022-06-30T23:59:59.000000Z,NETWORK MEMORY UTILIZATION,INC,success,Network(Wipro),sb827@ntrs.com,WAN,1
2022-06-01T00:00:00.000000Z,2022-06-30T23:59:59.000000Z,GNOC NW INTERFACE DISCARD ALERT,INC,success,Network(Wipro),sb827@ntrs.com,WAN,943
2022-06-01T00:00:00.000000Z,2022-06-30T23:59:59.000000Z,GNOC NW INTERFACE DOWN ALERT,INC,success,Network(Wipro),sb827@ntrs.com,WAN,130
2022-06-01T00:00:00.000000Z,2022-06-30T23:59:59.000000Z,GNOC DEVICE REBOOT ALERT,INC,success,Network(Wipro),sb827@ntrs.com,WAN,197
2022-06-01T00:00:00.000000Z,2022-06-30T23:59:59.000000Z,STAGE THE SCRIPT,STASK,success,Network(Wipro),sb827@ntrs.com,WAN,291
2022-06-01T00:00:00.000000Z,2022-06-30T23:59:59.000000Z,ORACLE BLOCKING SESSION ,INC,success,Oracle(Wipro),sb827@ntrs.com,ORA,59
2022-06-01T00:00:00.000000Z,2022-06-30T23:59:59.000000Z,ORACLE TEMP TABLE SPACE,INC,success,Oracle(Wipro),sb827@ntrs.com,ORA,137
2022-06-01T00:00:00.000000Z,2022-06-30T23:59:59.000000Z,WINTEL CPU UTILIZATION,INC,success,Wintel(Wipro),sb827@ntrs.com,WIN,116
2022-06-01T00:00:00.000000Z,2022-06-30T23:59:59.000000Z,WINTEL DISK DRIVE CLEANUP REACTIVE,INC,success,Wintel(Wipro),sb827@ntrs.com,WIN,33
2022-06-01T00:00:00.000000Z,2022-06-30T23:59:59.000000Z,WINTEL SERVICE ACCOUNT CHECK ALERT,INC,success,Wintel(Wipro),sb827@ntrs.com,WIN,12
2022-06-01T00:00:00.000000Z,2022-06-30T23:59:59.000000Z,WINTEL MEMORY UTILIZATION,INC,success,Wintel(Wipro),sb827@ntrs.com,WIN,78
2022-06-01T00:00:00.000000Z,2022-06-30T23:59:59.000000Z,WINTEL HOST DOWN,INC,success,Wintel(Wipro),sb827@ntrs.com,WIN,56
2022-06-01T00:00:00.000000Z,2022-06-30T23:59:59.000000Z,WINTEL SERVICE RESTART,INC,success,Wintel(Wipro),sb827@ntrs.com,WIN,27
2022-06-01T00:00:00.000000Z,2022-06-30T23:59:59.000000Z,MSSQL BLOCKING SESSION,INC,success,MSSQL(Wipro),sb827@ntrs.com,SQL,208
2022-06-01T00:00:00.000000Z,2022-06-30T23:59:59.000000Z,T LOG BACKUP MSSQL,INC,success,MSSQL(Wipro),sb827@ntrs.com,SQL,398
2022-06-01T00:00:00.000000Z,2022-06-30T23:59:59.000000Z,VDI DECOMISSION ENTRY CSV,STASK,success,VDI(Wipro),sb827@ntrs.com,CTX,433
2022-06-01T00:00:00.000000Z,2022-06-30T23:59:59.000000Z,CISCO CUCM PROFILE DELETION,STASK,success,Network(Wipro),sb827@ntrs.com,WAN,428
