start,end,name,target,run_status,team_name,owner_email,tla,toil_hrs_saved
2022-05-01T00:00:00.000000Z,2022-05-31T23:59:59.000000Z,UNIX CPU UTILIZATION SOLUTION,INC,success,Unix(Wipro),sb827@ntrs.com,UXL,1483
2022-05-01T00:00:00.000000Z,2022-05-31T23:59:59.000000Z,UNIX HOST NOT REPORTING TO PANDORA,INC,success,Unix(Wipro),sb827@ntrs.com,UXL,68
2022-05-01T00:00:00.000000Z,2022-05-31T23:59:59.000000Z,UNIX MEM UTILIZATION SOLUTION,INC,success,Unix(Wipro),sb827@ntrs.com,UXL,598
2022-05-01T00:00:00.000000Z,2022-05-31T23:59:59.000000Z,UNIX Check HOST ALIVE,INC,success,Unix(Wipro),sb827@ntrs.com,UXL,931
2022-05-01T00:00:00.000000Z,2022-05-31T23:59:59.000000Z,UNIX IDM STASK USECASE,STASK,success,Unix(Wipro),sb827@ntrs.com,UXL,210
2022-05-01T00:00:00.000000Z,2022-05-31T23:59:59.000000Z,UNIX LOW DISK UTILIZATION,INC,success,Unix(Wipro),sb827@ntrs.com,UXL,1121
2022-05-01T00:00:00.000000Z,2022-05-31T23:59:59.000000Z,NETWORK BGP DOWN USE CASE,INC,success,Network(Wipro),sb827@ntrs.com,WAN,76
2022-05-01T00:00:00.000000Z,2022-05-31T23:59:59.000000Z,NETWORK CPU UTILIZATION,INC,success,Network(Wipro),sb827@ntrs.com,WAN,25
2022-05-01T00:00:00.000000Z,2022-05-31T23:59:59.000000Z,NETWORK MEMORY UTILIZATION,INC,success,Network(Wipro),sb827@ntrs.com,WAN,4
2022-05-01T00:00:00.000000Z,2022-05-31T23:59:59.000000Z,GNOC NW INTERFACE DISCARD ALERT,INC,success,Network(Wipro),sb827@ntrs.com,WAN,127
2022-05-01T00:00:00.000000Z,2022-05-31T23:59:59.000000Z,GNOC NW INTERFACE DOWN ALERT,INC,success,Network(Wipro),sb827@ntrs.com,WAN,97
2022-05-01T00:00:00.000000Z,2022-05-31T23:59:59.000000Z,GNOC DEVICE REBOOT ALERT,INC,success,Network(Wipro),sb827@ntrs.com,WAN,68
2022-05-01T00:00:00.000000Z,2022-05-31T23:59:59.000000Z,STAGE THE SCRIPT,STASK,success,Network(Wipro),sb827@ntrs.com,WAN,298
2022-05-01T00:00:00.000000Z,2022-05-31T23:59:59.000000Z,ORACLE BLOCKING SESSION ,INC,success,Oracle(Wipro),sb827@ntrs.com,ORA,108
2022-05-01T00:00:00.000000Z,2022-05-31T23:59:59.000000Z,ORACLE TEMP TABLE SPACE,INC,success,Oracle(Wipro),sb827@ntrs.com,ORA,127
2022-05-01T00:00:00.000000Z,2022-05-31T23:59:59.000000Z,WINTEL CPU UTILIZATION,INC,success,Wintel(Wipro),sb827@ntrs.com,WIN,125
2022-05-01T00:00:00.000000Z,2022-05-31T23:59:59.000000Z,WINTEL DISK DRIVE CLEANUP REACTIVE,INC,success,Wintel(Wipro),sb827@ntrs.com,WIN,56
2022-05-01T00:00:00.000000Z,2022-05-31T23:59:59.000000Z,WINTEL MEMORY UTILIZATION,INC,success,Wintel(Wipro),sb827@ntrs.com,WIN,74
2022-05-01T00:00:00.000000Z,2022-05-31T23:59:59.000000Z,WINTEL HOST DOWN,INC,success,Wintel(Wipro),sb827@ntrs.com,WIN,128
2022-05-01T00:00:00.000000Z,2022-05-31T23:59:59.000000Z,WINTEL SERVICE RESTART,INC,success,Wintel(Wipro),sb827@ntrs.com,WIN,7
2022-05-01T00:00:00.000000Z,2022-05-31T23:59:59.000000Z,MSSQL BLOCKING SESSION,INC,success,MSSQL(Wipro),sb827@ntrs.com,SQL,206
2022-05-01T00:00:00.000000Z,2022-05-31T23:59:59.000000Z,T LOG BACKUP MSSQL,INC,success,MSSQL(Wipro),sb827@ntrs.com,SQL,382
2022-05-01T00:00:00.000000Z,2022-05-31T23:59:59.000000Z,VDI DECOMISSION ENTRY CSV,STASK,success,VDI(Wipro),sb827@ntrs.com,CTX,353
2022-05-01T00:00:00.000000Z,2022-05-31T23:59:59.000000Z,CISCO CUCM PROFILE DELETION,STASK,success,CISCO(Wipro),sb827@ntrs.com,CIC,182
2022-05-01T00:00:00.000000Z,2022-05-31T23:59:59.000000Z,MSSQL PATCHING ALERT,INC,success,MSSQL(Wipro),sb827@ntrs.com,SQL,12
2022-04-01T00:00:00.000000Z,2022-04-30T23:59:59.000000Z,UNIX CPU UTILIZATION SOLUTION,INC,success,Unix(Wipro),sb827@ntrs.com,UXL,944
2022-04-01T00:00:00.000000Z,2022-04-30T23:59:59.000000Z,UNIX HOST NOT REPORTING TO PANDORA,INC,success,Unix(Wipro),sb827@ntrs.com,UXL,48
2022-04-01T00:00:00.000000Z,2022-04-30T23:59:59.000000Z,UNIX MEM UTILIZATION SOLUTION,INC,success,Unix(Wipro),sb827@ntrs.com,UXL,304
2022-04-01T00:00:00.000000Z,2022-04-30T23:59:59.000000Z,UNIX Check HOST ALIVE,INC,success,Unix(Wipro),sb827@ntrs.com,UXL,402
2022-04-01T00:00:00.000000Z,2022-04-30T23:59:59.000000Z,UNIX IDM STASK USECASE,STASK,success,Unix(Wipro),sb827@ntrs.com,UXL,182
2022-04-01T00:00:00.000000Z,2022-04-30T23:59:59.000000Z,UNIX LOW DISK UTILIZATION,INC,success,Unix(Wipro),sb827@ntrs.com,UXL,910
2022-04-01T00:00:00.000000Z,2022-04-30T23:59:59.000000Z,NETWORK BGP DOWN USE CASE,INC,success,Network(Wipro),sb827@ntrs.com,WAN,38
2022-04-01T00:00:00.000000Z,2022-04-30T23:59:59.000000Z,NETWORK MEMORY UTILIZATION,INC,success,Network(Wipro),sb827@ntrs.com,WAN,1
2022-04-01T00:00:00.000000Z,2022-04-30T23:59:59.000000Z,NETWORK CPU UTILIZATION,INC,success,Network(Wipro),sb827@ntrs.com,WAN,8
2022-04-01T00:00:00.000000Z,2022-04-30T23:59:59.000000Z,STAGE THE SCRIPT,STASK,success,Network(Wipro),sb827@ntrs.com,WAN,233
2022-04-01T00:00:00.000000Z,2022-04-30T23:59:59.000000Z,ORACLE BLOCKING SESSION ,INC,success,Oracle(Wipro),sb827@ntrs.com,ORA,69
2022-04-01T00:00:00.000000Z,2022-04-30T23:59:59.000000Z,ORACLE TEMP TABLE SPACE,INC,success,Oracle(Wipro),sb827@ntrs.com,ORA,103
2022-04-01T00:00:00.000000Z,2022-04-30T23:59:59.000000Z,WINTEL CPU UTILIZATION,INC,success,Wintel(Wipro),sb827@ntrs.com,WIN,34
2022-04-01T00:00:00.000000Z,2022-04-30T23:59:59.000000Z,WINTEL DISK DRIVE CLEANUP REACTIVE,INC,success,Wintel(Wipro),sb827@ntrs.com,WIN,31
2022-04-01T00:00:00.000000Z,2022-04-30T23:59:59.000000Z,WINTEL MEMORY UTILIZATION,INC,success,Wintel(Wipro),sb827@ntrs.com,WIN,152
2022-04-01T00:00:00.000000Z,2022-04-30T23:59:59.000000Z,WINTEL HOST DOWN,INC,success,Wintel(Wipro),sb827@ntrs.com,WIN,3
2022-04-01T00:00:00.000000Z,2022-04-30T23:59:59.000000Z,WINTEL SERVICE RESTART,INC,success,Wintel(Wipro),sb827@ntrs.com,WIN,7
2022-04-01T00:00:00.000000Z,2022-04-30T23:59:59.000000Z,MSSQL BLOCKING SESSION,INC,success,MSSQL(Wipro),sb827@ntrs.com,SQL,185
2022-04-01T00:00:00.000000Z,2022-04-30T23:59:59.000000Z,T LOG BACKUP MSSQL,INC,success,MSSQL(Wipro),sb827@ntrs.com,SQL,260
2022-04-01T00:00:00.000000Z,2022-04-30T23:59:59.000000Z,VDI DECOMISSION ENTRY CSV,STASK,success,VDI(Wipro),sb827@ntrs.com,CTX,414
2021-03-01T00:00:00.000000Z,2021-03-31T23:59:59.000000Z,UNIX CPU UTILIZATION SOLUTION,INC,success,Unix(Wipro),sb827@ntrs.com,UXL,1483
2021-03-01T00:00:00.000000Z,2021-03-31T23:59:59.000000Z,UNIX HOST NOT REPORTING TO PANDORA,INC,success,Unix(Wipro),sb827@ntrs.com,UXL,200
2021-03-01T00:00:00.000000Z,2021-03-31T23:59:59.000000Z,UNIX MEM UTILIZATION SOLUTION,INC,success,Unix(Wipro),sb827@ntrs.com,UXL,541
2021-03-01T00:00:00.000000Z,2021-03-31T23:59:59.000000Z,UNIX LOW DISK UTILIZATION,INC,success,Unix(Wipro),sb827@ntrs.com,UXL,1000
2021-03-01T00:00:00.000000Z,2021-03-31T23:59:59.000000Z,UNIX IDM STASK USECASE,STASK,success,Unix(Wipro),sb827@ntrs.com,UXL,203
2021-03-01T00:00:00.000000Z,2021-03-31T23:59:59.000000Z,NETWORK BGP DOWN USE CASE,INC,success,Network(Wipro),sb827@ntrs.com,WAN,52
2021-03-01T00:00:00.000000Z,2021-03-31T23:59:59.000000Z,NETWORK MEMORY UTILIZATION,INC,success,Network(Wipro),sb827@ntrs.com,WAN,9
2021-03-01T00:00:00.000000Z,2021-03-31T23:59:59.000000Z,NETWORK CPU UTILIZATION,INC,success,Network(Wipro),sb827@ntrs.com,WAN,2
2021-03-01T00:00:00.000000Z,2021-03-31T23:59:59.000000Z,STAGE THE SCRIPT,STASK,success,Network(Wipro),sb827@ntrs.com,WAN,239
2021-03-01T00:00:00.000000Z,2021-03-31T23:59:59.000000Z,ORACLE BLOCKING SESSION ALERT,INC,success,Oracle(Wipro),sb827@ntrs.com,ORA,10
2021-03-01T00:00:00.000000Z,2021-03-31T23:59:59.000000Z,ORACLE TEMP TABLE SPACE,INC,success,Oracle(Wipro),sb827@ntrs.com,ORA,6
2021-03-01T00:00:00.000000Z,2021-03-31T23:59:59.000000Z,WINTEL CPU UTILIZATION,INC,success,Wintel(Wipro),sb827@ntrs.com,WIN,157
2021-03-01T00:00:00.000000Z,2021-03-31T23:59:59.000000Z,WINTEL DISK DRIVE CLEANUP REACTIVE,INC,success,Wintel(Wipro),sb827@ntrs.com,WIN,69
2021-03-01T00:00:00.000000Z,2021-03-31T23:59:59.000000Z,WINTEL MEMORY UTILIZATION,INC,success,Wintel(Wipro),sb827@ntrs.com,WIN,50
2021-03-01T00:00:00.000000Z,2021-03-31T23:59:59.000000Z,WINTEL SERVICE RESTART,INC,success,Wintel(Wipro),sb827@ntrs.com,WIN,9
2021-03-01T00:00:00.000000Z,2021-03-31T23:59:59.000000Z,MSSQL BLOCKING SESSION,INC,success,MSSQL(Wipro),sb827@ntrs.com,SQL,168
2021-03-01T00:00:00.000000Z,2021-03-31T23:59:59.000000Z,MSSQL T LOG BACKUP,INC,success,MSSQL(Wipro),sb827@ntrs.com,SQL,142
2021-03-01T00:00:00.000000Z,2021-03-31T23:59:59.000000Z,VDI DECOMISSION,STASK,success,CITRIX VDI(Wipro),sb827@ntrs.com,CTX,357
2021-02-01T00:00:00.000000Z,2021-02-28T23:59:59.000000Z,UNIX CPU UTILIZATION SOLUTION,INC,success,Unix(Wipro),sb827@ntrs.com,UXL,715
2021-02-01T00:00:00.000000Z,2021-02-28T23:59:59.000000Z,UNIX HOST NOT REPORTING TO PANDORA,INC,success,Unix(Wipro),sb827@ntrs.com,UXL,2100
2021-02-01T00:00:00.000000Z,2021-02-28T23:59:59.000000Z,UNIX MEM UTILIZATION SOLUTION,INC,success,Unix(Wipro),sb827@ntrs.com,UXL,431
2021-02-01T00:00:00.000000Z,2021-02-28T23:59:59.000000Z,UNIX LOW DISK UTILIZATION,INC,success,Unix(Wipro),sb827@ntrs.com,UXL,236
2021-02-01T00:00:00.000000Z,2021-02-28T23:59:59.000000Z,UNIX IDM STASK USECASE,STASK,success,Unix(Wipro),sb827@ntrs.com,UXL,92
2021-02-01T00:00:00.000000Z,2021-02-28T23:59:59.000000Z,NETWORK BGP DOWN USE CASE,INC,success,Network(Wipro),sb827@ntrs.com,WAN,35
2021-02-01T00:00:00.000000Z,2021-02-28T23:59:59.000000Z,NETWORK MEMORY UTILIZATION,INC,success,Network(Wipro),sb827@ntrs.com,WAN,8
2021-02-01T00:00:00.000000Z,2021-02-28T23:59:59.000000Z,NETWORK CPU UTILIZATION,INC,success,Network(Wipro),sb827@ntrs.com,WAN,2
2021-02-01T00:00:00.000000Z,2021-02-28T23:59:59.000000Z,STAGE THE SCRIPT,STASK,success,Network(Wipro),sb827@ntrs.com,WAN,97
2021-02-01T00:00:00.000000Z,2021-02-28T23:59:59.000000Z,ORACLE BLOCKING SESSION ALERT,INC,success,Oracle(Wipro),sb827@ntrs.com,ORA,1
2021-02-01T00:00:00.000000Z,2021-02-28T23:59:59.000000Z,WINTEL CPU UTILIZATION,INC,success,Wintel(Wipro),sb827@ntrs.com,WIN,42
2021-02-01T00:00:00.000000Z,2021-02-28T23:59:59.000000Z,WINTEL DISK DRIVE CLEANUP REACTIVE,INC,success,Wintel(Wipro),sb827@ntrs.com,WIN,62
2021-02-01T00:00:00.000000Z,2021-02-28T23:59:59.000000Z,WINTEL MEMORY UTILIZATION,INC,success,Wintel(Wipro),sb827@ntrs.com,WIN,21
2021-02-01T00:00:00.000000Z,2021-02-28T23:59:59.000000Z,WINTEL SERVICE RESTART,INC,success,Wintel(Wipro),sb827@ntrs.com,WIN,3
2021-02-01T00:00:00.000000Z,2021-02-28T23:59:59.000000Z,MSSQL BLOCKING SESSION,INC,success,MSSQL(Wipro),sb827@ntrs.com,SQL,150
2021-02-01T00:00:00.000000Z,2021-02-28T23:59:59.000000Z,VDI DECOMISSION,STASK,success,CITRIX VDI(Wipro),sb827@ntrs.com,CTX,196
2021-01-01T00:00:00.000000Z,2021-01-31T23:59:59.000000Z,UNIX CPU UTILIZATION SOLUTION,INC,success,Unix(Wipro),sb827@ntrs.com,UNX,552
2021-01-01T00:00:00.000000Z,2021-01-31T23:59:59.000000Z,UNIX HOST NOT REPORTING TO PANDORA,INC,success,Unix(Wipro),sb827@ntrs.com,UNX,2687
2021-01-01T00:00:00.000000Z,2021-01-31T23:59:59.000000Z,UNIX MEM UTILIZATION SOLUTION,INC,success,Unix(Wipro),sb827@ntrs.com,UNX,443
2021-01-01T00:00:00.000000Z,2021-01-31T23:59:59.000000Z,UNIX LOW DISK UTILIZATION,INC,success,Unix(Wipro),sb827@ntrs.com,UNX,3157
2021-01-01T00:00:00.000000Z,2021-01-31T23:59:59.000000Z,UNIX IDM STASK USECASE,STASK,success,Unix(Wipro),sb827@ntrs.com,UNX,223
2021-01-01T00:00:00.000000Z,2021-01-31T23:59:59.000000Z,NETWORK BGP DOWN USE CASE,INC,success,Network(Wipro),sb827@ntrs.com,WAN,29
2021-01-01T00:00:00.000000Z,2021-01-31T23:59:59.000000Z,NETWORK MEMORY UTILIZATION,INC,success,Network(Wipro),sb827@ntrs.com,WAN,28
2021-01-01T00:00:00.000000Z,2021-01-31T23:59:59.000000Z,ORACLE BLOCKING SESSION ALERT,INC,success,Oracle(Wipro),sb827@ntrs.com,ORA,18
2021-01-01T00:00:00.000000Z,2021-01-31T23:59:59.000000Z,WINTEL CPU UTILIZATION,INC,success,Wintel(Wipro),sb827@ntrs.com,WIN,87
2021-01-01T00:00:00.000000Z,2021-01-31T23:59:59.000000Z,WINTEL DISK DRIVE CLEANUP REACTIVE,INC,success,Wintel(Wipro),sb827@ntrs.com,WIN,71
2021-01-01T00:00:00.000000Z,2021-01-31T23:59:59.000000Z,WINTEL MEMORY UTILIZATION,INC,success,Wintel(Wipro),sb827@ntrs.com,WIN,48
2021-01-01T00:00:00.000000Z,2021-01-31T23:59:59.000000Z,WINTEL SERVICE RESTART,INC,success,Wintel(Wipro),sb827@ntrs.com,WIN,3
2021-01-01T00:00:00.000000Z,2021-01-31T23:59:59.000000Z,MSSQL BLOCKING SESSION,INC,success,MSSQL(Wipro),sb827@ntrs.com,SQL,153
2021-12-01T00:00:00.000000Z,2021-12-31T23:59:59.000000Z,UNIX CPU UTILIZATION SOLUTION,INC,success,Unix(Wipro),sb827@ntrs.com,UNX,922
2021-12-01T00:00:00.000000Z,2021-12-31T23:59:59.000000Z,UNIX HOST NOT REPORTING TO PANDORA,INC,success,Unix(Wipro),sb827@ntrs.com,UNX,2352
2021-12-01T00:00:00.000000Z,2021-12-31T23:59:59.000000Z,UNIX MEM UTILIZATION SOLUTION,INC,success,Unix(Wipro),sb827@ntrs.com,UNX,358
2021-12-01T00:00:00.000000Z,2021-12-31T23:59:59.000000Z,UNIX LOW DISK UTILIZATION,INC,success,Unix(Wipro),sb827@ntrs.com,UNX,1652
2021-12-01T00:00:00.000000Z,2021-12-31T23:59:59.000000Z,UNIX IDM STASK USECASE,STASK,success,Unix(Wipro),sb827@ntrs.com,UNX,167
2021-12-01T00:00:00.000000Z,2021-12-31T23:59:59.000000Z,NETWORK BGP DOWN USE CASE,INC,success,Network(Wipro),sb827@ntrs.com,WAN,25
2021-12-01T00:00:00.000000Z,2021-12-31T23:59:59.000000Z,NETWORK MEMORY UTILIZATION,INC,success,Network(Wipro),sb827@ntrs.com,WAN,1
2021-12-01T00:00:00.000000Z,2021-12-31T23:59:59.000000Z,ORACLE BLOCKING SESSION ALERT,INC,success,Oracle(Wipro),sb827@ntrs.com,ORA,58
2021-12-01T00:00:00.000000Z,2021-12-31T23:59:59.000000Z,WINTEL CPU UTILIZATION,INC,success,Wintel(Wipro),sb827@ntrs.com,WIN,162
2021-12-01T00:00:00.000000Z,2021-12-31T23:59:59.000000Z,WINTEL DISK DRIVE CLEANUP REACTIVE,INC,success,Wintel(Wipro),sb827@ntrs.com,WIN,27
2021-12-01T00:00:00.000000Z,2021-12-31T23:59:59.000000Z,WINTEL MEMORY UTILIZATION,INC,success,Wintel(Wipro),sb827@ntrs.com,WIN,48
2021-12-01T00:00:00.000000Z,2021-12-31T23:59:59.000000Z,WINTEL SERVICE RESTART,INC,success,Wintel(Wipro),sb827@ntrs.com,WIN,1
2021-12-01T00:00:00.000000Z,2021-12-31T23:59:59.000000Z,MSSQL BLOCKING SESSION,INC,success,MSSQL(Wipro),sb827@ntrs.com,SQL,151
